REGION,TECHNOLOGY,YEAR,VALUE
"SC","MINSOL",2019,0.00520569438935143
"SC","MINSOL",2020,0.00867430529560329
"SC","MINSOL",2021,0.00700949967444349
"SC","MINSOL",2022,0.0481267526434238
"SC","MINSOL",2023,0.00750387468309585
"SC","MINSOL",2024,0.0051104783209347
"SC","MINSOL",2025,0.0641226739884265
"SC","MINSOL",2026,0.0587771772117174
"SC","MINSOL",2027,0.0452049952102315
"SC","MINSOL",2028,0.0702941502299783
"SC","MINSOL",2029,0.0726828168420548
"SC","MINSOL",2030,0.0726828168420548
"SC","MINSOL",2031,0.0726828168420548
"SC","MINSOL",2032,0.0726828168420548
"SC","MINSOL",2033,0.0771642699652944
"SC","MINSOL",2034,0.0771642699652944
"SC","MINSOL",2035,0.0768120445273187
"SC","MINSOL",2036,0.0776896890225971
"SC","MINSOL",2037,0.0992731496647364
"SC","MINSOL",2038,0.101382622218653
"SC","MINSOL",2039,0.103515164379172
"SC","MINSOL",2040,0.10567104228589
"SC","MINSOL",2041,0.107850512685245
"SC","MINSOL",2042,0.110053851109996
"SC","MINSOL",2043,0.112281317437635
"SC","MINSOL",2044,0.16475361183201
"SC","MINSOL",2045,0.16846978479684
"SC","MINSOL",2046,0.285950241097278
"SC","MINSOL",2047,0.289666414062107
"SC","MINSOL",2048,0.293382587026937
"SC","MINSOL",2049,0.297098759991766
"SC","MINSOL",2050,0.300814932956595
"SC","MINWND",2019,0.0379079165645568
"SC","MINWND",2020,0.043181678161152
"SC","MINWND",2021,0.0579066457733671
"SC","MINWND",2022,0.0608591550345039
"SC","MINWND",2023,0.0613288659680127
"SC","MINWND",2024,0.0619212426812928
"SC","MINWND",2025,0.0619212426812928
"SC","MINWND",2026,0.0645109719592024
"SC","MINWND",2027,0.0913010488767624
"SC","MINWND",2028,0.10223194777126
"SC","MINWND",2029,0.0726487163650981
"SC","MINWND",2030,0.102246784364275
"SC","MINWND",2031,0.102246784364275
"SC","MINWND",2032,0.102246784364275
"SC","MINWND",2033,0.082830529867392
"SC","MINWND",2034,0.0790231622237141
"SC","MINWND",2035,0.0806068868378212
"SC","MINWND",2036,0.0806138346638801
"SC","MINWND",2037,0.107108274495744
"SC","MINWND",2038,0.107108274495744
"SC","MINWND",2039,0.107108274495744
"SC","MINWND",2040,0.107108274495744
"SC","MINWND",2041,0.107108274495744
"SC","MINWND",2042,0.107108274495744
"SC","MINWND",2043,0.107108274495744
"SC","MINWND",2044,0.0749757921470208
"SC","MINWND",2045,0.0749757921470208
"SC","IMPDSL",2019,0.16499999472
"SC","IMPDSL",2020,0.164636106625859
"SC","IMPDSL",2021,0.163704305284789
"SC","IMPDSL",2022,0.16499999472
"SC","IMPDSL",2023,0.170350928048771
"SC","IMPDSL",2024,0.174484484816496
"SC","IMPDSL",2025,0.174484484816496
"SC","IMPDSL",2026,0.174484484816495
"SC","IMPDSL",2027,0.23091990808636
"SC","IMPDSL",2028,0.230999992608
"SC","IMPDSL",2029,0.230999992608
"SC","IMPDSL",2030,0.230999992608
"SC","IMPDSL",2031,0.214721266033941
"SC","IMPDSL",2032,0.230999992608
"SC","IMPDSL",2033,0.230999992608
"SC","IMPDSL",2034,0.0659999978879997
"SC","IMPDSL",2035,0.0659999978879997
"SC","IMPDSL",2036,0.0659999978879998
"SC","PWRDIE",2019,0.00990930967782852
"SC","PWRDIE",2020,0.00990930967782852
"SC","PWRDIE",2021,0.00990930967782852
"SC","PWRDIE",2022,0.00990930967782852
"SC","PWRDIE",2023,0.0102306675997496
"SC","PWRDIE",2024,0.0104789142384951
"SC","PWRDIE",2025,0.0104789142384951
"SC","PWRDIE",2026,0.0104789142384951
"SC","PWRDIE",2027,0.0138730335489599
"SC","PWRDIE",2028,0.0138730335489599
"SC","PWRDIE",2029,0.0138730335489599
"SC","PWRDIE",2030,0.0138730335489599
"SC","PWRDIE",2031,0.0138730335489599
"SC","PWRDIE",2032,0.0138730335489599
"SC","PWRDIE",2033,0.0138730335489599
"SC","PWRDIE",2034,0.00396372387113139
"SC","PWRDIE",2035,0.00396372387113139
"SC","PWRDIE",2036,0.00396372387113139
"SC","PWRDIE",2037,0.00396372387113139
"SC","PWRDIE",2038,0.00364236594921036
"SC","PWRDIE",2039,0.00339411931046478
"SC","PWRDIE",2040,0.00339411931046478
"SC","PWRDIE",2041,0.00339411931046478
"SC","PWRWND",2019,0.0048
"SC","PWRWND",2020,0.0048
"SC","PWRWND",2021,0.0104
"SC","PWRWND",2022,0.0104
"SC","PWRWND",2023,0.0104
"SC","PWRWND",2024,0.0104
"SC","PWRWND",2025,0.0104
"SC","PWRWND",2026,0.0104
"SC","PWRWND",2027,0.0104
"SC","PWRWND",2028,0.0104
"SC","PWRWND",2029,0.0104
"SC","PWRWND",2030,0.0104
"SC","PWRWND",2031,0.0104
"SC","PWRWND",2032,0.0104
"SC","PWRWND",2033,0.008
"SC","PWRWND",2034,0.008
"SC","PWRWND",2035,0.008
"SC","PWRWND",2036,0.008
"SC","PWRWND",2037,0.008
"SC","PWRWND",2038,0.008
"SC","PWRWND",2039,0.008
"SC","PWRWND",2040,0.008
"SC","PWRWND",2041,0.008
"SC","PWRWND",2042,0.008
"SC","PWRWND",2043,0.008
"SC","PWRWND",2044,0.0056
"SC","PWRWND",2045,0.0056
"SC","PWRSOL",2019,1.25e-05
"SC","PWRSOL",2020,0.0010125
"SC","PWRSOL",2021,0.00353584
"SC","PWRSOL",2022,0.00353584
"SC","PWRSOL",2023,0.00353584
"SC","PWRSOL",2024,0.00353584
"SC","PWRSOL",2025,0.00353584
"SC","PWRSOL",2026,0.00353584
"SC","PWRSOL",2027,0.00353584
"SC","PWRSOL",2028,0.00353584
"SC","PWRSOL",2029,0.00353584
"SC","PWRSOL",2030,0.00353584
"SC","PWRSOL",2031,0.00353584
"SC","PWRSOL",2032,0.00353584
"SC","PWRSOL",2033,0.00353584
"SC","PWRSOL",2034,0.00353584
"SC","PWRSOL",2035,0.00353584
"SC","PWRSOL",2036,0.00353584
"SC","PWRSOL",2037,0.00459498847415078
"SC","PWRSOL",2038,0.00469850498958769
"SC","PWRSOL",2039,0.00480315358199023
"SC","PWRSOL",2040,0.0049089473114211
"SC","PWRSOL",2041,0.00495443965834491
"SC","PWRSOL",2042,0.00506256238107719
"SC","PWRSOL",2043,0.00517186911373036
"SC","PWRSOL",2044,0.00774680144105547
"SC","PWRSOL",2045,0.00792916232333654
"SC","PWRSOL",2046,0.0134176238767742
"SC","PWRSOL",2047,0.0135999847590553
"SC","PWRSOL",2048,0.0137823456413363
"SC","PWRSOL",2049,0.0139647065236174
"SC","PWRSOL",2050,0.0141470674058985
"SC","BAT",2019,0.0018340004502603
"SC","BAT",2020,0.0012643400176939
"SC","BAT",2021,0.00122841062882423
"SC","BAT",2022,0.00184902863035983
"SC","BAT",2023,0.00186791789116789
"SC","BAT",2024,0.00196646924723264
"SC","BAT",2025,0.00210615681844845
"SC","BAT",2026,0.00222899256104194
"SC","BAT",2027,0.00180964507896212
"SC","BAT",2028,0.00193192477860013
"SC","BAT",2029,0.00205508194442504
"SC","BAT",2030,0.00217834781297747
"SC","BAT",2031,0.00237179909966996
"SC","BAT",2032,0.00225280888481694
"SC","BAT",2033,0.00235816758936683
"SC","BAT",2034,0.00398191142452215
"SC","BAT",2035,0.00402058356142575
"SC","BAT",2036,0.00405967817417818
"SC","BAT",2037,0.00473339594502115
"SC","BAT",2038,0.00477334997944696
"SC","BAT",2039,0.00481374107830369
"SC","BAT",2040,0.00485457410445202
"SC","BAT",2041,0.00489585398005584
"SC","BAT",2042,0.00493758592379493
"SC","BAT",2043,0.00497977491713632
"SC","BAT",2044,0.00511767807968648
"SC","BAT",2045,0.00518806359983664
"SC","BAT",2046,0.00542778908179988
"SC","BAT",2047,0.0054983279383757
"SC","BAT",2048,0.00556886679495151
"SC","BAT",2049,0.00563940565152733
"SC","BAT",2050,0.00570994450810315
"SC","DEMRESELC",2019,0.0379884977186431
"SC","DEMRESELC",2020,0.0388276260983753
"SC","DEMRESELC",2021,0.0396908836923361
"SC","DEMRESELC",2022,0.0405792170014718
"SC","DEMRESELC",2023,0.0412130352689608
"SC","DEMRESELC",2024,0.0428295914122684
"SC","DEMRESELC",2025,0.044487171343135
"SC","DEMRESELC",2026,0.0456623038103604
"SC","DEMRESELC",2027,0.0468407968245107
"SC","DEMRESELC",2028,0.0480226747509568
"SC","DEMRESELC",2029,0.0492079657035883
"SC","DEMRESELC",2030,0.0503966921735167
"SC","DEMRESELC",2031,0.0509715106325003
"SC","DEMRESELC",2032,0.0515531438982988
"SC","DEMRESELC",2033,0.0521416744383213
"SC","DEMRESELC",2034,0.052737190342755
"SC","DEMRESELC",2035,0.0533397778275277
"SC","DEMRESELC",2036,0.053949521234308
"SC","DEMRESELC",2037,0.0545665105275421
"SC","DEMRESELC",2038,0.0551908375459358
"SC","DEMRESELC",2039,0.0558225922539355
"SC","DEMRESELC",2040,0.0564618646159875
"SC","DEMRESELC",2041,0.0571087502193163
"SC","DEMRESELC",2042,0.0577633427768868
"SC","DEMRESELC",2043,0.0584257378759233
"SC","DEMRESELC",2044,0.0592158356323669
"SC","DEMRESELC",2045,0.0600059333888105
"SC","DEMRESELC",2046,0.0607960292709947
"SC","DEMRESELC",2047,0.0615861270274383
"SC","DEMRESELC",2048,0.0623762247838819
"SC","DEMRESELC",2049,0.0631663225403255
"SC","DEMRESELC",2050,0.0639564202967691
"SC","DEMCOMELC",2019,0.0743512141897039
"SC","DEMCOMELC",2020,0.055397628323026
"SC","DEMCOMELC",2021,0.0580948954985424
"SC","DEMCOMELC",2022,0.0772144976312385
"SC","DEMCOMELC",2023,0.0788026962313368
"SC","DEMCOMELC",2024,0.08155614807789
"SC","DEMCOMELC",2025,0.0843133521915619
"SC","DEMCOMELC",2026,0.087020406749143
"SC","DEMCOMELC",2027,0.0897274613067241
"SC","DEMCOMELC",2028,0.0924345177385646
"SC","DEMCOMELC",2029,0.0951415722961457
"SC","DEMCOMELC",2030,0.0978486268537268
"SC","DEMCOMELC",2031,0.0984440846561223
"SC","DEMCOMELC",2032,0.0990454951060546
"SC","DEMCOMELC",2033,0.0996529200540806
"SC","DEMCOMELC",2034,0.100266419476498
"SC","DEMCOMELC",2035,0.100886053349605
"SC","DEMCOMELC",2036,0.101511883523957
"SC","DEMCOMELC",2037,0.102143973724371
"SC","DEMCOMELC",2038,0.102782382052886
"SC","DEMCOMELC",2039,0.103427175982836
"SC","DEMCOMELC",2040,0.104078419239037
"SC","DEMCOMELC",2041,0.104736171797788
"SC","DEMCOMELC",2042,0.10540050488094
"SC","DEMCOMELC",2043,0.106071480339052
"SC","DEMCOMELC",2044,0.107505895963584
"SC","DEMCOMELC",2045,0.108940311588115
"SC","DEMCOMELC",2046,0.110374727212646
"SC","DEMCOMELC",2047,0.111809142837178
"SC","DEMCOMELC",2048,0.113243558461709
"SC","DEMCOMELC",2049,0.11467797408624
"SC","DEMCOMELC",2050,0.116112389710772
"SC","PWRDIST",2019,0.112339711908347
"SC","PWRDIST",2020,0.0942252544214013
"SC","PWRDIST",2021,0.0977857791908784
"SC","PWRDIST",2022,0.11779371463271
"SC","PWRDIST",2023,0.120015731500298
"SC","PWRDIST",2024,0.124385739490158
"SC","PWRDIST",2025,0.128800523534697
"SC","PWRDIST",2026,0.132682710559503
"SC","PWRDIST",2027,0.136568258131235
"SC","PWRDIST",2028,0.140457192489521
"SC","PWRDIST",2029,0.144349537999734
"SC","PWRDIST",2030,0.148245319027244
"SC","PWRDIST",2031,0.149415595288623
"SC","PWRDIST",2032,0.150598639004353
"SC","PWRDIST",2033,0.151794594492402
"SC","PWRDIST",2034,0.153003609819253
"SC","PWRDIST",2035,0.154225831177132
"SC","PWRDIST",2036,0.155461404758265
"SC","PWRDIST",2037,0.156710484251913
"SC","PWRDIST",2038,0.157973219598822
"SC","PWRDIST",2039,0.159249768236771
"SC","PWRDIST",2040,0.160540283855025
"SC","PWRDIST",2041,0.161844922017104
"SC","PWRDIST",2042,0.163163847657827
"SC","PWRDIST",2043,0.164497218214976
"SC","PWRDIST",2044,0.166721731595951
"SC","PWRDIST",2045,0.168946244976925
"SC","PWRDIST",2046,0.171170756483641
"SC","PWRDIST",2047,0.173395269864616
"SC","PWRDIST",2048,0.175619783245591
"SC","PWRDIST",2049,0.177844296626566
"SC","PWRDIST",2050,0.180068810007541
"SC","PWRSOLDIST",2019,0.000250782550840379
"SC","PWRSOLDIST",2020,0.000250782550840379
"SC","PWRSOLDIST",2021,0.000250782550840379
"SC","PWRSOLDIST",2022,0.000250782550840379
"SC","PWRSOLDIST",2023,0.000250782550840379
"SC","PWRSOLDIST",2024,0.000250782550840379
"SC","PWRSOLDIST",2025,0.000250782550840379
"SC","PWRSOLDIST",2026,0.000250782550840379
"SC","PWRSOLDIST",2027,0.000250782550840379
"SC","PWRSOLDIST",2028,0.000250782550840379
"SC","PWRSOLDIST",2029,0.000250782550840379
"SC","PWRSOLDIST",2030,0.000250782550840379
"SC","PWRSOLDIST",2031,0.000250782550840379
"SC","PWRSOLDIST",2032,0.000250782550840379
"SC","PWRSOLDIST",2033,0.000250782550840379
"SC","PWRSOLDIST",2034,0.000250782550840379
"SC","PWRSOLDIST",2035,0.000250782550840379
"SC","PWRSOLDIST",2036,0.000276566033946208
"SC","PWRSOLDIST",2037,0.000276566033946208
"SC","PWRSOLDIST",2038,0.000276566033946208
"SC","PWRSOLDIST",2039,0.000276566033946208
"SC","PWRSOLDIST",2040,0.000276566033946208
"SC","PWRSOLDIST",2041,0.000338025152600921
"SC","PWRSOLDIST",2042,0.000338025152600921
"SC","PWRSOLDIST",2043,0.000338025152600921
"SC","PWRSOLDIST",2044,0.000338025152600921
"SC","PWRSOLDIST",2045,0.000338025152600921
"SC","PWRSOLDIST",2046,0.000614591186547129
"SC","PWRSOLDIST",2047,0.000614591186547129
"SC","PWRSOLDIST",2048,0.000614591186547129
"SC","PWRSOLDIST",2049,0.000614591186547129
"SC","PWRSOLDIST",2050,0.000614591186547129
"SC","IMPLPG",2019,0.000143999995392
"SC","IMPLPG",2020,0.000127999995904
"SC","IMPLPG",2021,0.000133333329066667
"SC","IMPLPG",2022,0.000154666661717333
"SC","IMPLPG",2023,0.000154666661717333
"SC","IMPLPG",2024,0.00015999999488
"SC","IMPLPG",2025,0.000170666661205334
"SC","IMPLPG",2026,0.000175999994368
"SC","IMPLPG",2027,0.000175999994368
"SC","IMPLPG",2028,0.000181333327530667
"SC","IMPLPG",2029,0.000186666660693334
"SC","IMPLPG",2030,0.000191999993856
"SC","IMPLPG",2031,0.000191999993856
"SC","IMPLPG",2032,0.000197333327018667
"SC","IMPLPG",2033,0.000197333327018667
"SC","IMPLPG",2034,0.000197333327018667
"SC","IMPLPG",2035,0.000202666660181334
"SC","IMPLPG",2036,0.000202666660181334
"SC","IMPLPG",2037,0.000202666660181334
"SC","IMPLPG",2038,0.000207999993344
"SC","IMPLPG",2039,0.000207999993344
"SC","IMPLPG",2040,0.000207999993344
"SC","IMPLPG",2041,0.000213333326506667
"SC","IMPLPG",2042,0.000213333326506667
"SC","IMPLPG",2043,0.000213333326506667
"SC","IMPLPG",2044,0.000218666659669334
"SC","IMPLPG",2045,0.000218666659669334
"SC","IMPLPG",2046,0.000218666659669334
"SC","IMPLPG",2047,0.000223999992832
"SC","IMPLPG",2048,0.000223999992832
"SC","IMPLPG",2049,0.000223999992832
"SC","IMPLPG",2050,0.000229333325994667
"SC","CONLPG",2019,0.000143999995392
"SC","CONLPG",2020,0.000127999995904
"SC","CONLPG",2021,0.000133333329066667
"SC","CONLPG",2022,0.000154666661717333
"SC","CONLPG",2023,0.000154666661717333
"SC","CONLPG",2024,0.00015999999488
"SC","CONLPG",2025,0.000170666661205334
"SC","CONLPG",2026,0.000175999994368
"SC","CONLPG",2027,0.000175999994368
"SC","CONLPG",2028,0.000181333327530667
"SC","CONLPG",2029,0.000186666660693334
"SC","CONLPG",2030,0.000191999993856
"SC","CONLPG",2031,0.000191999993856
"SC","CONLPG",2032,0.000197333327018667
"SC","CONLPG",2033,0.000197333327018667
"SC","CONLPG",2034,0.000197333327018667
"SC","CONLPG",2035,0.000202666660181334
"SC","CONLPG",2036,0.000202666660181334
"SC","CONLPG",2037,0.000202666660181334
"SC","CONLPG",2038,0.000207999993344
"SC","CONLPG",2039,0.000207999993344
"SC","CONLPG",2040,0.000207999993344
"SC","CONLPG",2041,0.000213333326506667
"SC","CONLPG",2042,0.000213333326506667
"SC","CONLPG",2043,0.000213333326506667
"SC","CONLPG",2044,0.000218666659669334
"SC","CONLPG",2045,0.000218666659669334
"SC","CONLPG",2046,0.000218666659669334
"SC","CONLPG",2047,0.000223999992832
"SC","CONLPG",2048,0.000223999992832
"SC","CONLPG",2049,0.000223999992832
"SC","CONLPG",2050,0.000229333325994667
"STC","MINSOL",2019,0.0352826181034249
"STC","MINSOL",2020,0.0362274298234882
"STC","MINSOL",2021,0.0165386151570123
"STC","MINSOL",2022,0.0361091642757293
"STC","MINSOL",2023,0.0373483149758789
"STC","MINSOL",2024,0.152983783790657
"STC","MINSOL",2025,0.126721819352819
"STC","MINSOL",2026,0.132091687946332
"STC","MINSOL",2027,0.152983783790657
"STC","MINSOL",2028,0.110859481673398
"STC","MINSOL",2029,0.143956955202096
"STC","MINSOL",2030,0.229252707843195
"STC","MINSOL",2031,0.23287022050557
"STC","MINSOL",2032,0.236919008633705
"STC","MINSOL",2033,0.241012734024521
"STC","MINSOL",2034,0.245151911213903
"STC","MINSOL",2035,0.249337061507958
"STC","MINSOL",2036,0.269979496785645
"STC","MINSOL",2037,0.274258191058371
"STC","MINSOL",2038,0.278584466360417
"STC","MINSOL",2039,0.28295887107872
"STC","MINSOL",2040,0.338294707001948
"STC","MINSOL",2041,0.426107788657062
"STC","MINSOL",2042,0.430629932877616
"STC","MINSOL",2043,0.435202460994045
"STC","MINSOL",2044,0.443126851917287
"STC","MINSOL",2045,0.450197255343711
"STC","MINSOL",2046,0.456916647841857
"STC","MINSOL",2047,0.464841035379994
"STC","MINSOL",2048,0.472765426303236
"STC","MINSOL",2049,0.628902476257603
"STC","MINSOL",2050,0.628958415110017
"STC","MINWND",2019,0.02916986188284
"STC","MINWND",2020,0.029862744881292
"STC","MINWND",2021,0.0134086864102328
"STC","MINWND",2023,0.02916986188284
"STC","MINWND",2024,0.0858381425079552
"STC","MINWND",2025,0.0868150299506688
"STC","MINWND",2026,0.092154562524288
"STC","MINWND",2027,0.0776433173852979
"STC","MINWND",2028,0.114086570919552
"STC","MINWND",2029,0.0868150299506688
"STC","MINWND",2030,0.116796513313498
"STC","MINWND",2031,0.116796513313498
"STC","MINWND",2032,0.116796513313498
"STC","MINWND",2033,0.116796513313498
"STC","MINWND",2034,0.116796513313498
"STC","MINWND",2035,0.116796513313498
"STC","MINWND",2036,0.116796513313498
"STC","MINWND",2037,0.116796513313498
"STC","MINWND",2038,0.116796513313498
"STC","MINWND",2039,0.116796513313498
"STC","MINWND",2040,0.0869337684322056
"STC","MINWND",2041,0.0869337684322056
"STC","MINWND",2042,0.0869337684322056
"STC","MINWND",2043,0.0869337684322056
"STC","MINWND",2044,0.0869337684322056
"STC","MINWND",2045,0.0869337684322056
"STC","MINWND",2046,0.0869337684322056
"STC","MINWND",2047,0.0869337684322056
"STC","MINWND",2048,0.0869337684322056
"STC","IMPDSL",2019,0.322607989676545
"STC","IMPDSL",2020,0.322607989676545
"STC","IMPDSL",2021,0.32081196606465
"STC","IMPDSL",2022,0.383521757086705
"STC","IMPDSL",2023,0.383521757086706
"STC","IMPDSL",2024,0.382151062268242
"STC","IMPDSL",2025,0.382579704949795
"STC","IMPDSL",2026,0.383521757086696
"STC","IMPDSL",2027,0.466021754446706
"STC","IMPDSL",2028,0.461058417230458
"STC","IMPDSL",2029,0.466021754446706
"STC","IMPDSL",2030,0.372959033980016
"STC","IMPDSL",2031,0.413217378081392
"STC","IMPDSL",2032,0.466021754446706
"STC","IMPDSL",2033,0.452790354527844
"STC","IMPDSL",2034,0.142205149998064
"STC","IMPDSL",2035,0.143413764770161
"STC","IMPDSL",2036,0.143413764770161
"STC","IMPDSL",2037,0.08249999736
"STC","IMPDSL",2038,0.0824999973599999
"STC","IMPDSL",2039,0.08249999736
"STC","IMPDSL",2040,0.0824999973599999
"STC","PWRDIE",2019,0.0154997458256723
"STC","PWRDIE",2020,0.0154997458256723
"STC","PWRDIE",2021,0.0154997458256723
"STC","PWRDIE",2022,0.0184263562704051
"STC","PWRDIE",2023,0.0184263562704051
"STC","PWRDIE",2024,0.0184263562704051
"STC","PWRDIE",2025,0.0184263562704051
"STC","PWRDIE",2026,0.0184263562704051
"STC","PWRDIE",2027,0.0223900801415365
"STC","PWRDIE",2028,0.0223900801415365
"STC","PWRDIE",2029,0.0223900801415365
"STC","PWRDIE",2030,0.0223900801415365
"STC","PWRDIE",2031,0.0223900801415365
"STC","PWRDIE",2032,0.0223900801415365
"STC","PWRDIE",2033,0.0223900801415365
"STC","PWRDIE",2034,0.00689033431586419
"STC","PWRDIE",2035,0.00689033431586419
"STC","PWRDIE",2036,0.00689033431586419
"STC","PWRDIE",2037,0.0039637238711314
"STC","PWRDIE",2038,0.0039637238711314
"STC","PWRDIE",2039,0.0039637238711314
"STC","PWRDIE",2040,0.0039637238711314
"STC","PWRDIE",2041,0.0039637238711314
"STC","PWRWND",2019,0.00225
"STC","PWRWND",2020,0.00225
"STC","PWRWND",2021,0.00225
"STC","PWRWND",2022,0.00225
"STC","PWRWND",2023,0.00225
"STC","PWRWND",2024,0.0088
"STC","PWRWND",2025,0.0088
"STC","PWRWND",2026,0.0088
"STC","PWRWND",2027,0.0088
"STC","PWRWND",2028,0.0088
"STC","PWRWND",2029,0.0088
"STC","PWRWND",2030,0.0088
"STC","PWRWND",2031,0.0088
"STC","PWRWND",2032,0.0088
"STC","PWRWND",2033,0.0088
"STC","PWRWND",2034,0.0088
"STC","PWRWND",2035,0.0088
"STC","PWRWND",2036,0.0088
"STC","PWRWND",2037,0.0088
"STC","PWRWND",2038,0.0088
"STC","PWRWND",2039,0.0088
"STC","PWRWND",2040,0.00655
"STC","PWRWND",2041,0.00655
"STC","PWRWND",2042,0.00655
"STC","PWRWND",2043,0.00655
"STC","PWRWND",2044,0.00655
"STC","PWRWND",2045,0.00655
"STC","PWRWND",2046,0.00655
"STC","PWRWND",2047,0.00655
"STC","PWRWND",2048,0.00655
"STC","PWRSOL",2019,0.00159736
"STC","PWRSOL",2020,0.00159736
"STC","PWRSOL",2021,0.00159736
"STC","PWRSOL",2022,0.00159736
"STC","PWRSOL",2023,0.00159736
"STC","PWRSOL",2024,0.00709736
"STC","PWRSOL",2025,0.00709736
"STC","PWRSOL",2026,0.00709736
"STC","PWRSOL",2027,0.00709736
"STC","PWRSOL",2028,0.00709736
"STC","PWRSOL",2029,0.00709736
"STC","PWRSOL",2030,0.0103059060519518
"STC","PWRSOL",2031,0.010372175595736
"STC","PWRSOL",2032,0.0105559080123922
"STC","PWRSOL",2033,0.0107416796643971
"STC","PWRSOL",2034,0.0109295139011874
"STC","PWRSOL",2035,0.0111194343794294
"STC","PWRSOL",2036,0.0119259242323662
"STC","PWRSOL",2037,0.0121200896996571
"STC","PWRSOL",2038,0.0123164143753894
"STC","PWRSOL",2039,0.0125149231451473
"STC","PWRSOL",2040,0.0150260416675558
"STC","PWRSOL",2041,0.018685325456834
"STC","PWRSOL",2042,0.0188905385872364
"STC","PWRSOL",2043,0.0190980381190647
"STC","PWRSOL",2044,0.019457643869916
"STC","PWRSOL",2045,0.0195623963558858
"STC","PWRSOL",2046,0.0195623963558858
"STC","PWRSOL",2047,0.0199220019531224
"STC","PWRSOL",2048,0.0202816077039737
"STC","PWRSOL",2049,0.0273670457683522
"STC","PWRSOL",2050,0.0273695842515263
"STC","BAT",2019,0.00425269117721503
"STC","BAT",2020,0.00282741264023799
"STC","BAT",2021,0.00310822414766026
"STC","BAT",2022,0.00415222198453021
"STC","BAT",2023,0.0042187598187043
"STC","BAT",2024,0.00424945668532602
"STC","BAT",2025,0.00455227188385451
"STC","BAT",2026,0.00480956979719297
"STC","BAT",2027,0.00428343386438236
"STC","BAT",2028,0.00459799630299285
"STC","BAT",2029,0.00481743557693694
"STC","BAT",2030,0.00597907440007969
"STC","BAT",2031,0.00566722534971046
"STC","BAT",2032,0.0052356531468031
"STC","BAT",2033,0.00543946208961357
"STC","BAT",2034,0.00850140338658451
"STC","BAT",2035,0.00856817011317244
"STC","BAT",2036,0.00864742139969627
"STC","BAT",2037,0.00931287580217917
"STC","BAT",2038,0.00939389915944155
"STC","BAT",2039,0.00947582389412811
"STC","BAT",2040,0.00965692070180323
"STC","BAT",2041,0.0105336183634908
"STC","BAT",2042,0.010618506298969
"STC","BAT",2043,0.0107043400213778
"STC","BAT",2044,0.0108530936109557
"STC","BAT",2045,0.0110018471369897
"STC","BAT",2046,0.0111506007265676
"STC","BAT",2047,0.0112993542526016
"STC","BAT",2048,0.0114481078421795
"STC","BAT",2049,0.0118924765446135
"STC","BAT",2050,0.0118935266070314
"STC","DEMRESELC",2019,0.0853875873715191
"STC","DEMRESELC",2020,0.0872729923516073
"STC","DEMRESELC",2021,0.0892126144937916
"STC","DEMRESELC",2022,0.0912085708988605
"STC","DEMRESELC",2023,0.0926324404524595
"STC","DEMRESELC",2024,0.096265124495342
"STC","DEMRESELC",2025,0.0999899601955242
"STC","DEMRESELC",2026,0.102632146707144
"STC","DEMRESELC",2027,0.105281940617901
"STC","DEMRESELC",2028,0.107939397837146
"STC","DEMRESELC",2029,0.110604572410586
"STC","DEMRESELC",2030,0.113277520247572
"STC","DEMRESELC",2031,0.114570617827286
"STC","DEMRESELC",2032,0.115879060660426
"STC","DEMRESELC",2033,0.1172030351115
"STC","DEMRESELC",2034,0.118542736863238
"STC","DEMRESELC",2035,0.119898357871081
"STC","DEMRESELC",2036,0.121270097545052
"STC","DEMRESELC",2037,0.122658155295171
"STC","DEMRESELC",2038,0.12406273053146
"STC","DEMRESELC",2039,0.125484031982166
"STC","DEMRESELC",2040,0.126922264648245
"STC","DEMRESELC",2041,0.128377640985235
"STC","DEMRESELC",2042,0.129850371585026
"STC","DEMRESELC",2043,0.131340672630447
"STC","DEMRESELC",2044,0.133116806509711
"STC","DEMRESELC",2045,0.134892940388975
"STC","DEMRESELC",2046,0.136669074268239
"STC","DEMRESELC",2047,0.138445208147502
"STC","DEMRESELC",2048,0.140221342026766
"STC","DEMRESELC",2049,0.14199747590603
"STC","DEMRESELC",2050,0.142012873341519
"STC","DEMCOMELC",2019,0.13323240282187
"STC","DEMCOMELC",2020,0.0895457447756216
"STC","DEMCOMELC",2021,0.0953357452038344
"STC","DEMCOMELC",2022,0.138653192799884
"STC","DEMCOMELC",2023,0.142159001750702
"STC","DEMCOMELC",2024,0.147448686162365
"STC","DEMCOMELC",2025,0.152746624658
"STC","DEMCOMELC",2026,0.157934188774934
"STC","DEMCOMELC",2027,0.163121751028224
"STC","DEMCOMELC",2028,0.168309315145159
"STC","DEMCOMELC",2029,0.173496879262094
"STC","DEMCOMELC",2030,0.178684443379029
"STC","DEMCOMELC",2031,0.179595918632442
"STC","DEMCOMELC",2032,0.180516507110199
"STC","DEMCOMELC",2033,0.181446301994555
"STC","DEMCOMELC",2034,0.182385396467763
"STC","DEMCOMELC",2035,0.183333879984784
"STC","DEMCOMELC",2036,0.184291847591518
"STC","DEMCOMELC",2037,0.185259396197506
"STC","DEMCOMELC",2038,0.186236620848649
"STC","DEMCOMELC",2039,0.187223616590842
"STC","DEMCOMELC",2040,0.188220484060921
"STC","DEMCOMELC",2041,0.189227318304782
"STC","DEMCOMELC",2042,0.190244221822905
"STC","DEMCOMELC",2043,0.191271293388476
"STC","DEMCOMELC",2044,0.193857876186076
"STC","DEMCOMELC",2045,0.19644445712003
"STC","DEMCOMELC",2046,0.199031039917629
"STC","DEMCOMELC",2047,0.201617620851583
"STC","DEMCOMELC",2048,0.204204203649183
"STC","DEMCOMELC",2049,0.206790784583137
"STC","DEMCOMELC",2050,0.206806183882271
"STC","PWRDIST",2019,0.235075258272461
"STC","PWRDIST",2020,0.190127674330354
"STC","PWRDIST",2021,0.19843909644906
"STC","PWRDIST",2022,0.247163186772844
"STC","PWRDIST",2023,0.252463916347486
"STC","PWRDIST",2024,0.262057860922265
"STC","PWRDIST",2025,0.271759768659703
"STC","PWRDIST",2026,0.280178855357074
"STC","PWRDIST",2027,0.288606120049597
"STC","PWRDIST",2028,0.297041626862694
"STC","PWRDIST",2029,0.305485431906108
"STC","PWRDIST",2030,0.313937595297421
"STC","PWRDIST",2031,0.316308103720137
"STC","PWRDIST",2032,0.318704911581318
"STC","PWRDIST",2033,0.321128319468877
"STC","PWRDIST",2034,0.323578637990323
"STC","PWRDIST",2035,0.326056169737489
"STC","PWRDIST",2036,0.328561231329644
"STC","PWRDIST",2037,0.331094141389975
"STC","PWRDIST",2038,0.333655216537751
"STC","PWRDIST",2039,0.336244783411837
"STC","PWRDIST",2040,0.338863170655017
"STC","PWRDIST",2041,0.341510708913997
"STC","PWRDIST",2042,0.344187734847238
"STC","PWRDIST",2043,0.346894587117122
"STC","PWRDIST",2044,0.35158568031805
"STC","PWRDIST",2045,0.356276771515059
"STC","PWRDIST",2046,0.360967864715987
"STC","PWRDIST",2047,0.365658955912996
"STC","PWRDIST",2048,0.370350049113924
"STC","PWRDIST",2049,0.375041140310932
"STC","PWRDIST",2050,0.375074255079344
"STC","PWRSOLDIST",2019,4.42505654313933e-06
"STC","PWRSOLDIST",2020,5.5e-05
"STC","PWRSOLDIST",2021,5.5e-05
"STC","PWRSOLDIST",2022,0.000115
"STC","PWRSOLDIST",2023,0.000115
"STC","PWRSOLDIST",2024,0.000115
"STC","PWRSOLDIST",2025,0.000115
"STC","PWRSOLDIST",2026,0.000115
"STC","PWRSOLDIST",2027,0.000115
"STC","PWRSOLDIST",2028,0.000115
"STC","PWRSOLDIST",2029,0.000115
"STC","PWRSOLDIST",2030,0.000115
"STC","PWRSOLDIST",2031,0.000230471694955173
"STC","PWRSOLDIST",2032,0.000230471694955173
"STC","PWRSOLDIST",2033,0.000230471694955173
"STC","PWRSOLDIST",2034,0.000230471694955173
"STC","PWRSOLDIST",2035,0.000230471694955173
"STC","PWRSOLDIST",2036,0.000384119491591955
"STC","PWRSOLDIST",2037,0.000384119491591955
"STC","PWRSOLDIST",2038,0.000384119491591955
"STC","PWRSOLDIST",2039,0.000384119491591955
"STC","PWRSOLDIST",2040,0.000384119491591955
"STC","PWRSOLDIST",2041,0.000768238983183911
"STC","PWRSOLDIST",2042,0.000768238983183911
"STC","PWRSOLDIST",2043,0.000768238983183911
"STC","PWRSOLDIST",2044,0.000768238983183911
"STC","PWRSOLDIST",2045,0.00102314697736399
"STC","PWRSOLDIST",2046,0.00138283016973104
"STC","PWRSOLDIST",2047,0.00138283016973104
"STC","PWRSOLDIST",2048,0.00138283016973104
"STC","PWRSOLDIST",2049,0.00138283016973104
"STC","PWRSOLDIST",2050,0.00138283016973104
"STC","IMPLPG",2019,0.000309333323434667
"STC","IMPLPG",2020,0.000282666657621334
"STC","IMPLPG",2021,0.000293333323946667
"STC","IMPLPG",2022,0.000330666656085334
"STC","IMPLPG",2023,0.000335999989248
"STC","IMPLPG",2024,0.000351999988736
"STC","IMPLPG",2025,0.000362666655061334
"STC","IMPLPG",2026,0.000373333321386667
"STC","IMPLPG",2027,0.000383999987712
"STC","IMPLPG",2028,0.000394666654037334
"STC","IMPLPG",2029,0.000405333320362667
"STC","IMPLPG",2030,0.000415999986688
"STC","IMPLPG",2031,0.000415999986688
"STC","IMPLPG",2032,0.000421333319850667
"STC","IMPLPG",2033,0.000426666653013334
"STC","IMPLPG",2034,0.000426666653013334
"STC","IMPLPG",2035,0.000431999986176
"STC","IMPLPG",2036,0.000437333319338667
"STC","IMPLPG",2037,0.000442666652501334
"STC","IMPLPG",2038,0.000442666652501334
"STC","IMPLPG",2039,0.000447999985664
"STC","IMPLPG",2040,0.000453333318826667
"STC","IMPLPG",2041,0.000453333318826667
"STC","IMPLPG",2042,0.000458666651989334
"STC","IMPLPG",2043,0.000463999985152
"STC","IMPLPG",2044,0.000469333318314667
"STC","IMPLPG",2045,0.000469333318314667
"STC","IMPLPG",2046,0.000474666651477334
"STC","IMPLPG",2047,0.00047999998464
"STC","IMPLPG",2048,0.000485333317802667
"STC","IMPLPG",2049,0.000490666650965334
"STC","IMPLPG",2050,0.000490666650965334
"STC","CONLPG",2019,0.000309333323434667
"STC","CONLPG",2020,0.000282666657621334
"STC","CONLPG",2021,0.000293333323946667
"STC","CONLPG",2022,0.000330666656085334
"STC","CONLPG",2023,0.000335999989248
"STC","CONLPG",2024,0.000351999988736
"STC","CONLPG",2025,0.000362666655061334
"STC","CONLPG",2026,0.000373333321386667
"STC","CONLPG",2027,0.000383999987712
"STC","CONLPG",2028,0.000394666654037334
"STC","CONLPG",2029,0.000405333320362667
"STC","CONLPG",2030,0.000415999986688
"STC","CONLPG",2031,0.000415999986688
"STC","CONLPG",2032,0.000421333319850667
"STC","CONLPG",2033,0.000426666653013334
"STC","CONLPG",2034,0.000426666653013334
"STC","CONLPG",2035,0.000431999986176
"STC","CONLPG",2036,0.000437333319338667
"STC","CONLPG",2037,0.000442666652501334
"STC","CONLPG",2038,0.000442666652501334
"STC","CONLPG",2039,0.000447999985664
"STC","CONLPG",2040,0.000453333318826667
"STC","CONLPG",2041,0.000453333318826667
"STC","CONLPG",2042,0.000458666651989334
"STC","CONLPG",2043,0.000463999985152
"STC","CONLPG",2044,0.000469333318314667
"STC","CONLPG",2045,0.000469333318314667
"STC","CONLPG",2046,0.000474666651477334
"STC","CONLPG",2047,0.00047999998464
"STC","CONLPG",2048,0.000485333317802667
"STC","CONLPG",2049,0.000490666650965334
"STC","CONLPG",2050,0.000490666650965334
"IS","MINSOL",2019,0.0211109474459593
"IS","MINSOL",2020,0.0211787250457501
"IS","MINSOL",2021,0.0211787250457501
"IS","MINSOL",2022,0.0211787250457501
"IS","MINSOL",2023,0.0222487389306078
"IS","MINSOL",2024,0.0340073298655279
"IS","MINSOL",2025,0.0355142030207296
"IS","MINSOL",2026,0.0368435887390633
"IS","MINSOL",2027,0.0295933017109586
"IS","MINSOL",2028,0.0469483887696991
"IS","MINSOL",2029,0.0449471802056579
"IS","MINSOL",2030,0.0596986826849824
"IS","MINSOL",2031,0.0602093204463188
"IS","MINSOL",2032,0.0608233993297077
"IS","MINSOL",2033,0.0614443141985246
"IS","MINSOL",2034,0.0982031457464907
"IS","MINSOL",2035,0.0987514864567157
"IS","MINSOL",2036,0.0992614372890937
"IS","MINSOL",2037,0.0999105018209499
"IS","MINSOL",2038,0.100566810618548
"IS","MINSOL",2039,0.10123043955699
"IS","MINSOL",2040,0.101892421133978
"IS","MINSOL",2041,0.102431474535234
"IS","MINSOL",2042,0.103117595021927
"IS","MINSOL",2043,0.103811386120175
"IS","MINSOL",2044,0.105223273641183
"IS","MINSOL",2045,0.106628305660718
"IS","MINSOL",2046,0.10774995580773
"IS","MINSOL",2047,0.109161843328738
"IS","MINSOL",2048,0.110573730849746
"IS","MINSOL",2049,0.111985618370754
"IS","MINSOL",2050,0.112919781793822
"IS","IMPDSL",2019,0.0737271741724829
"IS","IMPDSL",2020,0.0542878454857604
"IS","IMPDSL",2021,0.0624162297296024
"IS","IMPDSL",2022,0.115426810764396
"IS","IMPDSL",2023,0.0764718032543807
"IS","IMPDSL",2024,0.102383865469705
"IS","IMPDSL",2025,0.127908935415747
"IS","IMPDSL",2026,0.128376957461642
"IS","IMPDSL",2027,0.138366542057072
"IS","IMPDSL",2028,0.198329894775723
"IS","IMPDSL",2029,0.131871780938489
"IS","IMPDSL",2030,0.129956108604122
"IS","IMPDSL",2031,0.124184704439141
"IS","IMPDSL",2032,0.0808840552000984
"IS","IMPDSL",2033,0.131691896559505
"IS","PWRDIE",2019,0.006685
"IS","PWRDIE",2020,0.006685
"IS","PWRDIE",2021,0.006685
"IS","PWRDIE",2022,0.006685
"IS","PWRDIE",2023,0.006685
"IS","PWRDIE",2024,0.006685
"IS","PWRDIE",2025,0.00676213
"IS","PWRDIE",2026,0.00683927
"IS","PWRDIE",2027,0.00707067
"IS","PWRDIE",2028,0.00707067
"IS","PWRDIE",2029,0.00707067
"IS","PWRDIE",2030,0.00707067
"IS","PWRDIE",2031,0.00707067
"IS","PWRDIE",2032,0.00707067
"IS","PWRDIE",2033,0.00707067
"IS","PWRDIE",2034,0.00038567
"IS","PWRDIE",2035,0.00038567
"IS","PWRDIE",2036,0.00038567
"IS","PWRDIE",2037,0.00038567
"IS","PWRDIE",2038,0.00038567
"IS","PWRDIE",2039,0.00038567
"IS","PWRDIE",2040,0.000308540000000001
"IS","PWRDIE",2041,0.0002314
"IS","PWRSOL",2019,0.00096006
"IS","PWRSOL",2020,0.00096006
"IS","PWRSOL",2021,0.00096006
"IS","PWRSOL",2022,0.00096006
"IS","PWRSOL",2023,0.00100888819327748
"IS","PWRSOL",2024,0.002208048
"IS","PWRSOL",2025,0.002208048
"IS","PWRSOL",2026,0.002208048
"IS","PWRSOL",2027,0.002208048
"IS","PWRSOL",2028,0.002208048
"IS","PWRSOL",2029,0.002208048
"IS","PWRSOL",2030,0.00270122659048387
"IS","PWRSOL",2031,0.00270747877136275
"IS","PWRSOL",2032,0.00273550117633343
"IS","PWRSOL",2033,0.00276383552942221
"IS","PWRSOL",2034,0.00444125986650624
"IS","PWRSOL",2035,0.00445103007436538
"IS","PWRSOL",2036,0.00445103007436538
"IS","PWRSOL",2037,0.00448064898759588
"IS","PWRSOL",2038,0.00451059848009529
"IS","PWRSOL",2039,0.00454088201428988
"IS","PWRSOL",2040,0.00456949237221465
"IS","PWRSOL",2041,0.00456949237221465
"IS","PWRSOL",2042,0.00460080226847858
"IS","PWRSOL",2043,0.00463246219954945
"IS","PWRSOL",2044,0.00469689119223583
"IS","PWRSOL",2045,0.00475979836614311
"IS","PWRSOL",2046,0.00475979836614311
"IS","PWRSOL",2047,0.00482422735882949
"IS","PWRSOL",2048,0.00488865635151587
"IS","PWRSOL",2049,0.00495308534420226
"IS","PWRSOL",2050,0.00499571424165848
"IS","BAT",2019,0.00101088800022426
"IS","BAT",2020,0.000663262382446252
"IS","BAT",2021,0.000717271108638762
"IS","BAT",2022,0.00107598251123869
"IS","BAT",2023,0.00111055785631595
"IS","BAT",2024,0.00116471167174355
"IS","BAT",2025,0.00121649381059244
"IS","BAT",2026,0.00126216957553133
"IS","BAT",2027,0.00130211376841164
"IS","BAT",2028,0.00135075258080346
"IS","BAT",2029,0.0013994305350467
"IS","BAT",2030,0.00144814801804599
"IS","BAT",2031,0.00145898702220006
"IS","BAT",2032,0.00146994661162951
"IS","BAT",2033,0.00148102826946875
"IS","BAT",2034,0.00175671653478428
"IS","BAT",2035,0.00176804652090988
"IS","BAT",2036,0.00177950283139615
"IS","BAT",2037,0.0017910868848934
"IS","BAT",2038,0.00180280016453603
"IS","BAT",2039,0.00181464421794254
"IS","BAT",2040,0.00182662052824735
"IS","BAT",2041,0.00183873064306896
"IS","BAT",2042,0.00185097604554177
"IS","BAT",2043,0.0018633584122525
"IS","BAT",2044,0.0018885568012766
"IS","BAT",2045,0.00191375512581659
"IS","BAT",2046,0.00193895351484069
"IS","BAT",2047,0.00196415196834889
"IS","BAT",2048,0.00198935035737298
"IS","BAT",2049,0.00201454868191297
"IS","BAT",2050,0.00203122104712664
"IS","DEMRESELC",2019,0.0137339089723418
"IS","DEMRESELC",2020,0.0140374397378487
"IS","DEMRESELC",2021,0.0143497006224519
"IS","DEMRESELC",2022,0.0146710352996029
"IS","DEMRESELC",2023,0.0149003590360055
"IS","DEMRESELC",2024,0.0154849963827016
"IS","DEMRESELC",2025,0.0160844787956459
"IS","DEMRESELC",2026,0.0165094096659311
"IS","DEMRESELC",2027,0.0169355586450771
"IS","DEMRESELC",2028,0.0173629359009372
"IS","DEMRESELC",2029,0.0177915475342238
"IS","DEMRESELC",2030,0.018221405746361
"IS","DEMRESELC",2031,0.0184293037816689
"IS","DEMRESELC",2032,0.0186396644711175
"IS","DEMRESELC",2033,0.0188525223854089
"IS","DEMRESELC",2034,0.0190679080281039
"IS","DEMRESELC",2035,0.0192858498691926
"IS","DEMRESELC",2036,0.019506384512948
"IS","DEMRESELC",2037,0.0197295383957893
"IS","DEMRESELC",2038,0.0199553460884188
"IS","DEMRESELC",2039,0.0201838421615387
"IS","DEMRESELC",2040,0.0204150591522806
"IS","DEMRESELC",2041,0.0206490295977759
"IS","DEMRESELC",2042,0.0208857901022975
"IS","DEMRESELC",2043,0.021125373202977
"IS","DEMRESELC",2044,0.0214110532847131
"IS","DEMRESELC",2045,0.0216967333664493
"IS","DEMRESELC",2046,0.0219824134481854
"IS","DEMRESELC",2047,0.0222680955634922
"IS","DEMRESELC",2048,0.0225537756452284
"IS","DEMRESELC",2049,0.0228394557269645
"IS","DEMRESELC",2050,0.022856259121815
"IS","DEMCOMELC",2019,0.0260312486824251
"IS","DEMCOMELC",2020,0.0147649964346709
"IS","DEMCOMELC",2021,0.0161559547392747
"IS","DEMCOMELC",2022,0.0271469428545151
"IS","DEMCOMELC",2023,0.028007987200469
"IS","DEMCOMELC",2024,0.0291311445770975
"IS","DEMCOMELC",2025,0.0302556481775418
"IS","DEMCOMELC",2026,0.0313621445092701
"IS","DEMCOMELC",2027,0.0324686408409984
"IS","DEMCOMELC",2028,0.0335751371727267
"IS","DEMCOMELC",2029,0.0346816335044549
"IS","DEMCOMELC",2030,0.0357881298361832
"IS","DEMCOMELC",2031,0.0359220506358781
"IS","DEMCOMELC",2032,0.0360573115586767
"IS","DEMCOMELC",2033,0.0361939248060034
"IS","DEMCOMELC",2034,0.0363319046128532
"IS","DEMCOMELC",2035,0.0364712652142212
"IS","DEMCOMELC",2036,0.0366120167779609
"IS","DEMCOMELC",2037,0.0367541776062089
"IS","DEMCOMELC",2038,0.0368977599003894
"IS","DEMCOMELC",2039,0.0370427778954974
"IS","DEMCOMELC",2040,0.037189245826528
"IS","DEMCOMELC",2041,0.037337179962047
"IS","DEMCOMELC",2042,0.0374865904699079
"IS","DEMCOMELC",2043,0.0376374976858179
"IS","DEMCOMELC",2044,0.0381464740003457
"IS","DEMCOMELC",2045,0.0386554482813027
"IS","DEMCOMELC",2046,0.0391644245958305
"IS","DEMCOMELC",2047,0.0396734009103583
"IS","DEMCOMELC",2048,0.040182377224886
"IS","DEMCOMELC",2049,0.0406913515058431
"IS","DEMCOMELC",2050,0.0412003278203709
"IS","PWRDIST",2019,0.0397651576547669
"IS","PWRDIST",2020,0.0288024361725196
"IS","PWRDIST",2021,0.0305056553617266
"IS","PWRDIST",2022,0.041817978154118
"IS","PWRDIST",2023,0.0429083462364745
"IS","PWRDIST",2024,0.044616140959799
"IS","PWRDIST",2025,0.0463401269731877
"IS","PWRDIST",2026,0.0478715541752012
"IS","PWRDIST",2027,0.0494041994860754
"IS","PWRDIST",2028,0.0509380730736639
"IS","PWRDIST",2029,0.0524731810386787
"IS","PWRDIST",2030,0.0540095355825442
"IS","PWRDIST",2031,0.054351354417547
"IS","PWRDIST",2032,0.0546969760297942
"IS","PWRDIST",2033,0.0550464471914123
"IS","PWRDIST",2034,0.0553998126409571
"IS","PWRDIST",2035,0.0557571150834138
"IS","PWRDIST",2036,0.0561184012909089
"IS","PWRDIST",2037,0.0564837160019981
"IS","PWRDIST",2038,0.0568531059888081
"IS","PWRDIST",2039,0.0572266200570361
"IS","PWRDIST",2040,0.0576043049788086
"IS","PWRDIST",2041,0.0579862095598228
"IS","PWRDIST",2042,0.0583723805722054
"IS","PWRDIST",2043,0.058762870888795
"IS","PWRDIST",2044,0.0595575272850588
"IS","PWRDIST",2045,0.060352181647752
"IS","PWRDIST",2046,0.0611468380440159
"IS","PWRDIST",2047,0.0619414964738505
"IS","PWRDIST",2048,0.0627361528701144
"IS","PWRDIST",2049,0.0635308072328076
"IS","PWRDIST",2050,0.0640565869421858
"IS","PWRSOLDIST",2019,3.87192447524691e-06
"IS","PWRSOLDIST",2020,7.5e-06
"IS","PWRSOLDIST",2021,7.5e-06
"IS","PWRSOLDIST",2022,7.5e-06
"IS","PWRSOLDIST",2023,7.5e-06
"IS","PWRSOLDIST",2024,7.5e-06
"IS","PWRSOLDIST",2025,7.5e-06
"IS","PWRSOLDIST",2026,2.7e-05
"IS","PWRSOLDIST",2027,2.7e-05
"IS","PWRSOLDIST",2028,2.7e-05
"IS","PWRSOLDIST",2029,2.7e-05
"IS","PWRSOLDIST",2030,2.7e-05
"IS","PWRSOLDIST",2031,4.7e-05
"IS","PWRSOLDIST",2032,4.7e-05
"IS","PWRSOLDIST",2033,4.7e-05
"IS","PWRSOLDIST",2034,4.7e-05
"IS","PWRSOLDIST",2035,6.48914567837826e-05
"IS","PWRSOLDIST",2036,9.21886779820693e-05
"IS","PWRSOLDIST",2037,9.21886779820693e-05
"IS","PWRSOLDIST",2038,9.21886779820693e-05
"IS","PWRSOLDIST",2039,9.21886779820693e-05
"IS","PWRSOLDIST",2040,9.40631811010382e-05
"IS","PWRSOLDIST",2041,0.000122918237309426
"IS","PWRSOLDIST",2042,0.000122918237309426
"IS","PWRSOLDIST",2043,0.000122918237309426
"IS","PWRSOLDIST",2044,0.000122918237309426
"IS","PWRSOLDIST",2045,0.000124336406472382
"IS","PWRSOLDIST",2046,0.000184377355964139
"IS","PWRSOLDIST",2047,0.000184377355964139
"IS","PWRSOLDIST",2048,0.000184377355964139
"IS","PWRSOLDIST",2049,0.000184377355964139
"IS","PWRSOLDIST",2050,0.000184377355964139
"IS","IMPLPG",2019,4.79999984640001e-05
"IS","IMPLPG",2020,4.26666653013334e-05
"IS","IMPLPG",2021,4.26666653013334e-05
"IS","IMPLPG",2022,5.33333316266667e-05
"IS","IMPLPG",2023,5.33333316266667e-05
"IS","IMPLPG",2024,5.33333316266667e-05
"IS","IMPLPG",2025,5.86666647893334e-05
"IS","IMPLPG",2026,5.86666647893334e-05
"IS","IMPLPG",2027,5.86666647893334e-05
"IS","IMPLPG",2028,6.39999979520001e-05
"IS","IMPLPG",2029,6.39999979520001e-05
"IS","IMPLPG",2030,6.39999979520001e-05
"IS","IMPLPG",2031,6.39999979520001e-05
"IS","IMPLPG",2032,6.39999979520001e-05
"IS","IMPLPG",2033,6.39999979520001e-05
"IS","IMPLPG",2034,6.93333311146667e-05
"IS","IMPLPG",2035,6.93333311146667e-05
"IS","IMPLPG",2036,6.93333311146667e-05
"IS","IMPLPG",2037,6.93333311146667e-05
"IS","IMPLPG",2038,6.93333311146667e-05
"IS","IMPLPG",2039,6.93333311146667e-05
"IS","IMPLPG",2040,6.93333311146667e-05
"IS","IMPLPG",2041,6.93333311146667e-05
"IS","IMPLPG",2042,6.93333311146667e-05
"IS","IMPLPG",2043,6.93333311146667e-05
"IS","IMPLPG",2044,7.46666642773334e-05
"IS","IMPLPG",2045,7.46666642773334e-05
"IS","IMPLPG",2046,7.46666642773334e-05
"IS","IMPLPG",2047,7.46666642773334e-05
"IS","IMPLPG",2048,7.46666642773334e-05
"IS","IMPLPG",2049,7.46666642773334e-05
"IS","IMPLPG",2050,7.46666642773334e-05
"IS","CONLPG",2019,4.79999984640001e-05
"IS","CONLPG",2020,4.26666653013334e-05
"IS","CONLPG",2021,4.26666653013334e-05
"IS","CONLPG",2022,5.33333316266667e-05
"IS","CONLPG",2023,5.33333316266667e-05
"IS","CONLPG",2024,5.33333316266667e-05
"IS","CONLPG",2025,5.86666647893334e-05
"IS","CONLPG",2026,5.86666647893334e-05
"IS","CONLPG",2027,5.86666647893334e-05
"IS","CONLPG",2028,6.39999979520001e-05
"IS","CONLPG",2029,6.39999979520001e-05
"IS","CONLPG",2030,6.39999979520001e-05
"IS","CONLPG",2031,6.39999979520001e-05
"IS","CONLPG",2032,6.39999979520001e-05
"IS","CONLPG",2033,6.39999979520001e-05
"IS","CONLPG",2034,6.93333311146667e-05
"IS","CONLPG",2035,6.93333311146667e-05
"IS","CONLPG",2036,6.93333311146667e-05
"IS","CONLPG",2037,6.93333311146667e-05
"IS","CONLPG",2038,6.93333311146667e-05
"IS","CONLPG",2039,6.93333311146667e-05
"IS","CONLPG",2040,6.93333311146667e-05
"IS","CONLPG",2041,6.93333311146667e-05
"IS","CONLPG",2042,6.93333311146667e-05
"IS","CONLPG",2043,6.93333311146667e-05
"IS","CONLPG",2044,7.46666642773334e-05
"IS","CONLPG",2045,7.46666642773334e-05
"IS","CONLPG",2046,7.46666642773334e-05
"IS","CONLPG",2047,7.46666642773334e-05
"IS","CONLPG",2048,7.46666642773334e-05
"IS","CONLPG",2049,7.46666642773334e-05
"IS","CONLPG",2050,7.46666642773334e-05
"FL","MINSOL",2019,0.000620757642421299
"FL","MINSOL",2020,0.000721565538500376
"FL","MINSOL",2021,0.000738008183827944
"FL","MINSOL",2022,0.000680685808662864
"FL","MINSOL",2023,0.000693491842285649
"FL","MINSOL",2024,0.000680685808662864
"FL","MINSOL",2025,0.00124916552865322
"FL","MINSOL",2026,0.00154502151918585
"FL","MINSOL",2027,0.00184191750968515
"FL","MINSOL",2028,0.0038518347996933
"FL","MINSOL",2029,0.00385534444743104
"FL","MINSOL",2030,0.00405087275563232
"FL","MINSOL",2031,0.00404577323338434
"FL","MINSOL",2032,0.00405087275563232
"FL","MINSOL",2033,0.00405087275563232
"FL","MINSOL",2034,0.00405087275563232
"FL","MINSOL",2035,0.00343058295252154
"FL","MINSOL",2036,0.00345024576467126
"FL","MINSOL",2037,0.00347012488277587
"FL","MINSOL",2038,0.00349022631533412
"FL","MINSOL",2039,0.00351055006234601
"FL","MINSOL",2040,0.00361461478670326
"FL","MINSOL",2041,0.00361461478670326
"FL","MINSOL",2042,0.00361461478670326
"FL","MINSOL",2043,0.00361461478670326
"FL","MINSOL",2044,0.00363969950986665
"FL","MINSOL",2045,0.00368969857818053
"FL","MINSOL",2046,0.00373969399399473
"FL","MINSOL",2047,0.00378969306230862
"FL","MINSOL",2048,0.00383969213062251
"FL","MINSOL",2049,0.00388969119893639
"FL","MINSOL",2050,0.00395004875638303
"FL","IMPDSL",2019,0.005403252096
"FL","IMPDSL",2020,0.005403252096
"FL","IMPDSL",2021,0.005403252096
"FL","IMPDSL",2022,0.005403252096
"FL","IMPDSL",2023,0.005403252096
"FL","IMPDSL",2024,0.005403252096
"FL","IMPDSL",2025,0.005465635097472
"FL","IMPDSL",2026,0.00552789529776
"FL","IMPDSL",2027,0.005714921500992
"FL","PWRDIE",2019,0.00044
"FL","PWRDIE",2020,0.00044
"FL","PWRDIE",2021,0.00044
"FL","PWRDIE",2022,0.00044
"FL","PWRDIE",2023,0.00044
"FL","PWRDIE",2024,0.00044
"FL","PWRDIE",2025,0.00044508
"FL","PWRDIE",2026,0.00045015
"FL","PWRDIE",2027,0.00046538
"FL","PWRDIE",2028,0.00046538
"FL","PWRDIE",2029,0.00046538
"FL","PWRDIE",2030,0.00046538
"FL","PWRDIE",2031,0.00046538
"FL","PWRDIE",2032,0.00046538
"FL","PWRDIE",2033,0.00046538
"FL","PWRDIE",2034,0.00046538
"FL","PWRDIE",2035,0.00046538
"FL","PWRDIE",2036,0.00046538
"FL","PWRDIE",2037,0.00046538
"FL","PWRDIE",2038,0.00046538
"FL","PWRDIE",2039,0.00046538
"FL","PWRDIE",2040,0.0004603
"FL","PWRDIE",2041,1.52299999999999e-05
"FL","PWRSOL",2019,2.65e-05
"FL","PWRSOL",2020,2.65e-05
"FL","PWRSOL",2021,2.65e-05
"FL","PWRSOL",2022,2.65e-05
"FL","PWRSOL",2023,2.65e-05
"FL","PWRSOL",2024,2.65e-05
"FL","PWRSOL",2025,0.0001572
"FL","PWRSOL",2026,0.0001572
"FL","PWRSOL",2027,0.0001572
"FL","PWRSOL",2028,0.0001572
"FL","PWRSOL",2029,0.0001572
"FL","PWRSOL",2030,0.0001572
"FL","PWRSOL",2031,0.0001572
"FL","PWRSOL",2032,0.0001572
"FL","PWRSOL",2033,0.0001572
"FL","PWRSOL",2034,0.0001572
"FL","PWRSOL",2035,0.0001307
"FL","PWRSOL",2036,0.0001307
"FL","PWRSOL",2037,0.0001307
"FL","PWRSOL",2038,0.0001307
"FL","PWRSOL",2039,0.0001307
"FL","PWRSOL",2040,0.0001307
"FL","PWRSOL",2041,0.0001307
"FL","PWRSOL",2042,0.0001307
"FL","PWRSOL",2043,0.0001307
"FL","PWRSOL",2044,0.000131752167778713
"FL","PWRSOL",2045,0.000133849356904657
"FL","PWRSOL",2046,0.000135946392828093
"FL","PWRSOL",2047,0.000138043581954036
"FL","PWRSOL",2048,0.00014014077107998
"FL","PWRSOL",2049,0.000142237960205923
"FL","PWRSOL",2050,0.000144769631643297
"FL","BAT",2030,3.21836750196445e-05
"FL","BAT",2031,3.23112383153128e-05
"FL","BAT",2032,3.24400239073682e-05
"FL","BAT",2033,3.25701984725908e-05
"FL","BAT",2034,3.27015953342004e-05
"FL","BAT",2035,3.28343256100504e-05
"FL","BAT",2036,3.29683893001409e-05
"FL","BAT",2037,3.31038419633985e-05
"FL","BAT",2038,3.32405724819699e-05
"FL","BAT",2039,3.3378747532635e-05
"FL","BAT",2040,3.35182559975406e-05
"FL","BAT",2041,3.36591534356133e-05
"FL","BAT",2042,3.38014398468532e-05
"FL","BAT",2043,3.39452263491135e-05
"FL","BAT",2044,3.44042542013835e-05
"FL","BAT",2045,3.48632820536535e-05
"FL","BAT",2046,3.53223099059235e-05
"FL","BAT",2047,3.57813933171202e-05
"FL","BAT",2048,3.62404211693902e-05
"FL","BAT",2049,3.66994490216602e-05
"FL","BAT",2050,3.7158532432857e-05
"FL","DEMCOMELC",2030,0.00101494437541951
"FL","DEMCOMELC",2031,0.00101896721151171
"FL","DEMCOMELC",2032,0.00102302859394277
"FL","DEMCOMELC",2033,0.00102713377903162
"FL","DEMCOMELC",2034,0.00103127751045934
"FL","DEMCOMELC",2035,0.00103546329243855
"FL","DEMCOMELC",2036,0.00103969112496924
"FL","DEMCOMELC",2037,0.00104396276015774
"FL","DEMCOMELC",2038,0.0010482746937914
"FL","DEMCOMELC",2039,0.00105263218218918
"FL","DEMCOMELC",2040,0.00105703172113844
"FL","DEMCOMELC",2041,0.0010614750627455
"FL","DEMCOMELC",2042,0.00106596220701036
"FL","DEMCOMELC",2043,0.00107049665814564
"FL","DEMCOMELC",2044,0.00108497256049483
"FL","DEMCOMELC",2045,0.00109944846284402
"FL","DEMCOMELC",2046,0.0011139243651932
"FL","DEMCOMELC",2047,0.0011284020196487
"FL","DEMCOMELC",2048,0.00114287792199789
"FL","DEMCOMELC",2049,0.00115735382434708
"FL","DEMCOMELC",2050,0.00117183147880258
"FL","PWRDIST",2030,0.00101494437541951
"FL","PWRDIST",2031,0.00101896721151171
"FL","PWRDIST",2032,0.00102302859394277
"FL","PWRDIST",2033,0.00102713377903162
"FL","PWRDIST",2034,0.00103127751045934
"FL","PWRDIST",2035,0.00103546329243855
"FL","PWRDIST",2036,0.00103969112496924
"FL","PWRDIST",2037,0.00104396276015774
"FL","PWRDIST",2038,0.0010482746937914
"FL","PWRDIST",2039,0.00105263218218918
"FL","PWRDIST",2040,0.00105703172113844
"FL","PWRDIST",2041,0.0010614750627455
"FL","PWRDIST",2042,0.00106596220701036
"FL","PWRDIST",2043,0.00107049665814564
"FL","PWRDIST",2044,0.00108497256049483
"FL","PWRDIST",2045,0.00109944846284402
"FL","PWRDIST",2046,0.0011139243651932
"FL","PWRDIST",2047,0.0011284020196487
"FL","PWRDIST",2048,0.00114287792199789
"FL","PWRDIST",2049,0.00115735382434708
"FL","PWRDIST",2050,0.00117183147880258
"FL","PWRSOLDIST",2019,5.53132067892416e-07
"FL","PWRSOLDIST",2020,5.5e-06
"FL","PWRSOLDIST",2021,5.5e-06
"FL","PWRSOLDIST",2022,5.5e-06
"FL","PWRSOLDIST",2023,5.5e-06
"FL","PWRSOLDIST",2024,5.5e-06
"FL","PWRSOLDIST",2025,5.5e-06
"FL","PWRSOLDIST",2026,5.5e-06
"FL","PWRSOLDIST",2027,5.5e-06
"FL","PWRSOLDIST",2028,5.5e-06
"FL","PWRSOLDIST",2029,5.5e-06
"FL","PWRSOLDIST",2030,1.55e-05
"FL","PWRSOLDIST",2031,1.55e-05
"FL","PWRSOLDIST",2032,1.55e-05
"FL","PWRSOLDIST",2033,1.55e-05
"FL","PWRSOLDIST",2034,1.55e-05
"FL","PWRSOLDIST",2035,1.60879697996324e-05
"FL","PWRSOLDIST",2036,1.70935946286202e-05
"FL","PWRSOLDIST",2037,1.81102820989658e-05
"FL","PWRSOLDIST",2038,1.91383395062625e-05
"FL","PWRSOLDIST",2039,2.01777668505103e-05
"FL","PWRSOLDIST",2040,2.55e-05
"FL","PWRSOLDIST",2041,2.55e-05
"FL","PWRSOLDIST",2042,2.55e-05
"FL","PWRSOLDIST",2043,2.55e-05
"FL","PWRSOLDIST",2044,2.55e-05
"FL","PWRSOLDIST",2045,2.55e-05
"FL","PWRSOLDIST",2046,2.55e-05
"FL","PWRSOLDIST",2047,2.55e-05
"FL","PWRSOLDIST",2048,2.55e-05
"FL","PWRSOLDIST",2049,2.55e-05
"FL","PWRSOLDIST",2050,2.55e-05
"FL","IMPLPG",2019,2.55999991808e-06
"FL","IMPLPG",2020,2.3999999232e-06
"FL","IMPLPG",2021,2.45333325482667e-06
"FL","IMPLPG",2022,2.71999991296e-06
"FL","IMPLPG",2023,2.77333324458667e-06
"FL","IMPLPG",2024,2.87999990784e-06
"FL","IMPLPG",2025,2.93333323946667e-06
"FL","IMPLPG",2026,2.98666657109334e-06
"FL","IMPLPG",2027,2.98666657109334e-06
"FL","IMPLPG",2028,3.03999990272e-06
"FL","IMPLPG",2029,3.27529401283765e-06
"FL","IMPLPG",2030,3.14666656597334e-06
"FL","IMPLPG",2031,3.14666656597334e-06
"FL","IMPLPG",2032,3.1999998976e-06
"FL","IMPLPG",2033,3.1999998976e-06
"FL","IMPLPG",2034,3.25333322922667e-06
"FL","IMPLPG",2035,3.25333322922667e-06
"FL","IMPLPG",2036,3.30666656085334e-06
"FL","IMPLPG",2037,3.35999989248e-06
"FL","IMPLPG",2038,3.35999989248e-06
"FL","IMPLPG",2039,3.41333322410667e-06
"FL","IMPLPG",2040,3.41333322410667e-06
"FL","IMPLPG",2041,3.46666655573334e-06
"FL","IMPLPG",2042,3.46666655573334e-06
"FL","IMPLPG",2043,3.51999988736e-06
"FL","IMPLPG",2044,3.51999988736e-06
"FL","IMPLPG",2045,3.57333321898667e-06
"FL","IMPLPG",2046,3.62666655061334e-06
"FL","IMPLPG",2047,3.62666655061334e-06
"FL","IMPLPG",2048,3.67999988224e-06
"FL","IMPLPG",2049,3.67999988224e-06
"FL","IMPLPG",2050,3.73333321386667e-06
"FL","CONLPG",2019,2.55999991808e-06
"FL","CONLPG",2020,2.3999999232e-06
"FL","CONLPG",2021,2.45333325482667e-06
"FL","CONLPG",2022,2.71999991296e-06
"FL","CONLPG",2023,2.77333324458667e-06
"FL","CONLPG",2024,2.87999990784e-06
"FL","CONLPG",2025,2.93333323946667e-06
"FL","CONLPG",2026,2.98666657109334e-06
"FL","CONLPG",2027,2.98666657109334e-06
"FL","CONLPG",2028,3.03999990272e-06
"FL","CONLPG",2029,3.27529401283765e-06
"FL","CONLPG",2030,3.14666656597334e-06
"FL","CONLPG",2031,3.14666656597334e-06
"FL","CONLPG",2032,3.1999998976e-06
"FL","CONLPG",2033,3.1999998976e-06
"FL","CONLPG",2034,3.25333322922667e-06
"FL","CONLPG",2035,3.25333322922667e-06
"FL","CONLPG",2036,3.30666656085334e-06
"FL","CONLPG",2037,3.35999989248e-06
"FL","CONLPG",2038,3.35999989248e-06
"FL","CONLPG",2039,3.41333322410667e-06
"FL","CONLPG",2040,3.41333322410667e-06
"FL","CONLPG",2041,3.46666655573334e-06
"FL","CONLPG",2042,3.46666655573334e-06
"FL","CONLPG",2043,3.51999988736e-06
"FL","CONLPG",2044,3.51999988736e-06
"FL","CONLPG",2045,3.57333321898667e-06
"FL","CONLPG",2046,3.62666655061334e-06
"FL","CONLPG",2047,3.62666655061334e-06
"FL","CONLPG",2048,3.67999988224e-06
"FL","CONLPG",2049,3.67999988224e-06
"FL","CONLPG",2050,3.73333321386667e-06
