REGION,TECHNOLOGY,MODE_OF_OPERATION,YEAR,VALUE
"SC","MINSOL",1,2019,0.0022534563120233
"SC","MINSOL",1,2020,0.00248052831746732
"SC","MINSOL",1,2021,0.00320347111277007
"SC","MINSOL",1,2022,0.00917145417688386
"SC","MINSOL",1,2023,0.00279379039800208
"SC","MINSOL",1,2024,0.00288150668562117
"SC","MINSOL",1,2025,0.0136007089791163
"SC","MINSOL",1,2026,0.0150236672124555
"SC","MINSOL",1,2027,0.0116867383976731
"SC","MINSOL",1,2028,0.0103705335510827
"SC","MINSOL",1,2029,0.0198707961767824
"SC","MINSOL",1,2030,0.0159347492266281
"SC","MINSOL",1,2031,0.0247123401438643
"SC","MINSOL",1,2032,0.0214852889382652
"SC","MINSOL",1,2033,0.0249814708989876
"SC","MINSOL",1,2034,0.0328209228366346
"SC","MINSOL",1,2035,0.0209984250551601
"SC","MINSOL",1,2036,0.0279987925040133
"SC","MINSOL",1,2037,0.0281681802957349
"SC","MINSOL",1,2038,0.0270395147462964
"SC","MINSOL",1,2039,0.0277336825341888
"SC","MINSOL",1,2040,0.0262006906283229
"SC","MINSOL",1,2041,0.0271271031952719
"SC","MINSOL",1,2042,0.0264682186586516
"SC","MINSOL",1,2043,0.0280340589866179
"SC","MINSOL",1,2044,0.0359320522066901
"SC","MINSOL",1,2045,0.0339787898328357
"SC","MINSOL",1,2046,0.0605945597153432
"SC","MINSOL",1,2047,0.0618292516264637
"SC","MINSOL",1,2048,0.0632937260538397
"SC","MINSOL",1,2049,0.0644779412999809
"SC","MINSOL",1,2050,0.0573286730533337
"SC","MINWND",1,2019,0.0177460682339462
"SC","MINWND",1,2020,0.0235583738642254
"SC","MINWND",1,2021,0.0174716250235564
"SC","MINWND",1,2022,0.0219184389230544
"SC","MINWND",1,2023,0.0244005545386367
"SC","MINWND",1,2024,0.0236430141633215
"SC","MINWND",1,2025,0.0248448157784625
"SC","MINWND",1,2026,0.0280626864124798
"SC","MINWND",1,2027,0.0341601354896996
"SC","MINWND",1,2028,0.0327538828689256
"SC","MINWND",1,2029,0.0317417266833885
"SC","MINWND",1,2030,0.0616275894589788
"SC","MINWND",1,2031,0.0480115569825889
"SC","MINWND",1,2032,0.058905275899602
"SC","MINWND",1,2033,0.0512367231602644
"SC","MINWND",1,2034,0.0446841035332848
"SC","MINWND",1,2035,0.0540342880966107
"SC","MINWND",1,2036,0.0651498298204513
"SC","MINWND",1,2037,0.0799084694653116
"SC","MINWND",1,2038,0.0759480606090139
"SC","MINWND",1,2039,0.0748156572071211
"SC","MINWND",1,2040,0.0674315983588031
"SC","MINWND",1,2041,0.0777542194462615
"SC","MINWND",1,2042,0.068716500261492
"SC","MINWND",1,2043,0.0698403582916845
"SC","MINWND",1,2044,0.0502322073481854
"SC","MINWND",1,2045,0.0445548994673995
"SC","IMPDSL",1,2019,0.165
"SC","IMPDSL",1,2020,0.1346437554
"SC","IMPDSL",1,2021,0.1488723555
"SC","IMPDSL",1,2022,0.1549579383
"SC","IMPDSL",1,2023,0.1703509335
"SC","IMPDSL",1,2024,0.174484490399999
"SC","IMPDSL",1,2025,0.1485
"SC","IMPDSL",1,2026,0.1485
"SC","IMPDSL",1,2027,0.1485
"SC","IMPDSL",1,2028,0.1485
"SC","IMPDSL",1,2029,0.1485
"SC","IMPDSL",1,2030,0.066
"SC","IMPDSL",1,2031,0.0660000000000001
"SC","IMPDSL",1,2032,0.066
"SC","IMPDSL",1,2033,0.066
"SC","IMPDSL",1,2034,0.0660000000000001
"SC","IMPDSL",1,2035,0.0659999999999999
"SC","IMPDSL",1,2036,0.0659999999999999
"SC","MINWAVE",1,2030,0.00033497
"SC","MINWAVE",1,2031,0.000699999999999999
"SC","MINWAVE",1,2032,0.000900000000000001
"SC","MINWAVE",1,2033,0.001
"SC","MINWAVE",1,2034,0.005
"SC","MINWAVE",1,2035,0.00900000000000002
"SC","MINWAVE",1,2036,0.00947317388474158
"SC","MINWAVE",1,2037,0.00933591268074922
"SC","MINWAVE",1,2038,0.00930727066521198
"SC","MINWAVE",1,2039,0.00930747451005349
"SC","MINWAVE",1,2040,0.0133088201458822
"SC","MINWAVE",1,2041,0.0131969509000487
"SC","MINWAVE",1,2042,0.0132664506888464
"SC","MINWAVE",1,2043,0.0132753061245021
"SC","MINWAVE",1,2044,0.0224684152189893
"SC","MINWAVE",1,2045,0.0240235451927933
"SC","MINWAVE",1,2046,0.0380337312170794
"SC","MINWAVE",1,2047,0.0380337312170794
"SC","MINWAVE",1,2048,0.0371944136902212
"SC","MINWAVE",1,2049,0.0379614612147667
"SC","MINWAVE",1,2050,0.0454611164547557
"SC","PWRWEC",1,2030,0.00033497
"SC","PWRWEC",1,2031,0.000699999999999999
"SC","PWRWEC",1,2032,0.000900000000000001
"SC","PWRWEC",1,2033,0.001
"SC","PWRWEC",1,2034,0.005
"SC","PWRWEC",1,2035,0.00900000000000002
"SC","PWRWEC",1,2036,0.00900000000000001
"SC","PWRWEC",1,2037,0.00900000000000001
"SC","PWRWEC",1,2038,0.009
"SC","PWRWEC",1,2039,0.00900000000000001
"SC","PWRWEC",1,2040,0.013
"SC","PWRWEC",1,2041,0.013
"SC","PWRWEC",1,2042,0.013
"SC","PWRWEC",1,2043,0.013
"SC","PWRWEC",1,2044,0.0210897006748704
"SC","PWRWEC",1,2045,0.0222765766748704
"SC","PWRWEC",1,2046,0.035149501124784
"SC","PWRWEC",1,2047,0.035149501124784
"SC","PWRWEC",1,2048,0.035149501124784
"SC","PWRWEC",1,2049,0.035149501124784
"SC","PWRWEC",1,2050,0.0421794013497408
"SC","PWRDIE",1,2019,0.05
"SC","PWRDIE",1,2020,0.040801138
"SC","PWRDIE",1,2021,0.045112835
"SC","PWRDIE",1,2022,0.046956951
"SC","PWRDIE",1,2023,0.0516214949999998
"SC","PWRDIE",1,2024,0.0528740879999998
"SC","PWRDIE",1,2025,0.045
"SC","PWRDIE",1,2026,0.0449999999999999
"SC","PWRDIE",1,2027,0.045
"SC","PWRDIE",1,2028,0.045
"SC","PWRDIE",1,2029,0.045
"SC","PWRDIE",1,2030,0.02
"SC","PWRDIE",1,2031,0.02
"SC","PWRDIE",1,2032,0.02
"SC","PWRDIE",1,2033,0.02
"SC","PWRDIE",1,2034,0.02
"SC","PWRDIE",1,2035,0.02
"SC","PWRDIE",1,2036,0.02
"SC","PWRWND",1,2019,0.008249
"SC","PWRWND",1,2020,0.007759
"SC","PWRWND",1,2021,0.005322
"SC","PWRWND",1,2022,0.00974900000000001
"SC","PWRWND",1,2023,0.010723
"SC","PWRWND",1,2024,0.011796
"SC","PWRWND",1,2025,0.0133185055985179
"SC","PWRWND",1,2026,0.0146734095260244
"SC","PWRWND",1,2027,0.0209885792659697
"SC","PWRWND",1,2028,0.02179930009553
"SC","PWRWND",1,2029,0.0180076796976251
"SC","PWRWND",1,2030,0.04614333687183
"SC","PWRWND",1,2031,0.0425435708034216
"SC","PWRWND",1,2032,0.0415292275133414
"SC","PWRWND",1,2033,0.042227716412724
"SC","PWRWND",1,2034,0.0338212245482871
"SC","PWRWND",1,2035,0.0375235106507735
"SC","PWRWND",1,2036,0.0362471179162145
"SC","PWRWND",1,2037,0.0499671333121768
"SC","PWRWND",1,2038,0.0517870217651726
"SC","PWRWND",1,2039,0.0518217159915629
"SC","PWRWND",1,2040,0.0500469950999958
"SC","PWRWND",1,2041,0.0487065823121771
"SC","PWRWND",1,2042,0.0496118509722152
"SC","PWRWND",1,2043,0.0502030532048187
"SC","PWRWND",1,2044,0.0363341800357865
"SC","PWRWND",1,2045,0.0363341800357865
"SC","PWRSOL",1,2019,5.7e-05
"SC","PWRSOL",1,2020,8.1e-05
"SC","PWRSOL",1,2021,0.000106
"SC","PWRSOL",1,2022,0.00451
"SC","PWRSOL",1,2023,5.7e-05
"SC","PWRSOL",1,2024,6.3e-05
"SC","PWRSOL",1,2025,0.00958660745715115
"SC","PWRSOL",1,2026,0.0101608395683675
"SC","PWRSOL",1,2027,0.00610981540962311
"SC","PWRSOL",1,2028,0.00717781127755329
"SC","PWRSOL",1,2029,0.0130116891527911
"SC","PWRSOL",1,2030,0.0116295228034714
"SC","PWRSOL",1,2031,0.0152627834630254
"SC","PWRSOL",1,2032,0.016623002917302
"SC","PWRSOL",1,2033,0.0163152893827573
"SC","PWRSOL",1,2034,0.0212154536659311
"SC","PWRSOL",1,2035,0.0145507369338884
"SC","PWRSOL",1,2036,0.016361783464827
"SC","PWRSOL",1,2037,0.023012630687823
"SC","PWRSOL",1,2038,0.0218854174136879
"SC","PWRSOL",1,2039,0.0225128680084371
"SC","PWRSOL",1,2040,0.0210971381060545
"SC","PWRSOL",1,2041,0.023012630687823
"SC","PWRSOL",1,2042,0.0228110670277846
"SC","PWRSOL",1,2043,0.0229312757951814
"SC","PWRSOL",1,2044,0.029897324289343
"SC","PWRSOL",1,2045,0.029897324289343
"SC","PWRSOL",1,2046,0.054177646875216
"SC","PWRSOL",1,2047,0.055364522875216
"SC","PWRSOL",1,2048,0.056551398875216
"SC","PWRSOL",1,2049,0.057738274875216
"SC","PWRSOL",1,2050,0.0518952506502592
"SC","BAT",1,2019,0.00670337070466875
"SC","BAT",1,2020,0.00479058271551457
"SC","BAT",1,2021,0.00351251375280296
"SC","BAT",1,2022,0.0025503897041227
"SC","BAT",1,2023,0.00554817230297413
"SC","BAT",1,2024,0.00599703058706578
"SC","BAT",1,2025,0.00485919402046443
"SC","BAT",1,2026,0.00587036289441485
"SC","BAT",1,2027,0.00377342108807998
"SC","BAT",1,2028,0.00283169388733456
"SC","BAT",1,2029,0.00579457218317333
"SC","BAT",1,2030,0.0102369522583186
"SC","BAT",1,2031,0.0112757333420493
"SC","BAT",1,2032,0.0114520484417951
"SC","BAT",1,2033,0.0183657093493992
"SC","BAT",1,2034,0.0153359990395267
"SC","BAT",1,2035,0.0139684456666934
"SC","BAT",1,2036,0.0656888385944168
"SC","BAT",1,2037,0.0696123230029177
"SC","BAT",1,2038,0.0409614803984748
"SC","BAT",1,2039,0.0587089093250993
"SC","BAT",1,2040,0.062952730181877
"SC","BAT",1,2041,0.0312614423591042
"SC","BAT",1,2042,0.0494450084326
"SC","BAT",1,2043,0.0572099725443412
"SC","BAT",1,2044,0.075043946382916
"SC","BAT",1,2045,0.0568770290452101
"SC","BAT",1,2046,0.0585872581244413
"SC","BAT",1,2047,0.0551267860344859
"SC","BAT",1,2048,0.0719698151459217
"SC","BAT",1,2049,0.0471036062909156
"SC","BAT",1,2050,0.0520635816394815
"SC","BAT",2,2036,0.00828508725596971
"SC","BAT",2,2037,0.00427617731507227
"SC","BAT",2,2038,0.00420588282823108
"SC","BAT",2,2039,0.00418175322896277
"SC","BAT",2,2040,0.00352446652198613
"SC","BAT",2,2041,0.00376019602754138
"SC","BAT",2,2042,0.00370123078586328
"SC","BAT",2,2043,0.00378949418636106
"SC","BAT",2,2044,0.00439895771141143
"SC","BAT",2,2045,0.00361993748837179
"SC","BAT",2,2046,0.00303639412836893
"SC","BAT",2,2047,0.00307359207376967
"SC","BAT",2,2048,0.00418981621393946
"SC","BAT",2,2049,0.00300558419953529
"SC","BAT",2,2050,0.00224881463168153
"SC","DEMRESELC",1,2019,0.0202685390608056
"SC","DEMRESELC",1,2020,0.0207162510621487
"SC","DEMRESELC",1,2021,0.0211768370635305
"SC","DEMRESELC",1,2022,0.0216508020649524
"SC","DEMRESELC",1,2023,0.0219889720659669
"SC","DEMRESELC",1,2024,0.0228514760685544
"SC","DEMRESELC",1,2025,0.0237358680712076
"SC","DEMRESELC",1,2026,0.0243628530730885
"SC","DEMRESELC",1,2027,0.0249916310749749
"SC","DEMRESELC",1,2028,0.0256222150768666
"SC","DEMRESELC",1,2029,0.0262546200787638
"SC","DEMRESELC",1,2030,0.0268888580806666
"SC","DEMRESELC",1,2031,0.0271955490815866
"SC","DEMRESELC",1,2032,0.0275058760825176
"SC","DEMRESELC",1,2033,0.0278198830834596
"SC","DEMRESELC",1,2034,0.0281376170844128
"SC","DEMRESELC",1,2035,0.0284591240853774
"SC","DEMRESELC",1,2036,0.0287844490863533
"SC","DEMRESELC",1,2037,0.0291136400873409
"SC","DEMRESELC",1,2038,0.0294467460883402
"SC","DEMRESELC",1,2039,0.0297838150893515
"SC","DEMRESELC",1,2040,0.0301248950903747
"SC","DEMRESELC",1,2041,0.0304700370914101
"SC","DEMRESELC",1,2042,0.0308192910924579
"SC","DEMRESELC",1,2043,0.0311727080935181
"SC","DEMRESELC",1,2044,0.0315942600947828
"SC","DEMRESELC",1,2045,0.0320158120960474
"SC","DEMRESELC",1,2046,0.0324373630973121
"SC","DEMRESELC",1,2047,0.0328589150985767
"SC","DEMRESELC",1,2048,0.0332804670998414
"SC","DEMRESELC",1,2049,0.033702019101106
"SC","DEMRESELC",1,2050,0.0341235711023707
"SC","DEMCOMELC",1,2019,0.0396696521190089
"SC","DEMCOMELC",1,2020,0.0295570780886712
"SC","DEMCOMELC",1,2021,0.0309961890929886
"SC","DEMCOMELC",1,2022,0.041197340123592
"SC","DEMCOMELC",1,2023,0.0420447141261341
"SC","DEMCOMELC",1,2024,0.0435138021305414
"SC","DEMCOMELC",1,2025,0.0449848921349547
"SC","DEMCOMELC",1,2026,0.0464292251392877
"SC","DEMCOMELC",1,2027,0.0478735581436207
"SC","DEMCOMELC",1,2028,0.0493178921479537
"SC","DEMCOMELC",1,2029,0.0507622251522867
"SC","DEMCOMELC",1,2030,0.0522065581566197
"SC","DEMCOMELC",1,2031,0.0525242611575728
"SC","DEMCOMELC",1,2032,0.0528451401585354
"SC","DEMCOMELC",1,2033,0.0531692281595077
"SC","DEMCOMELC",1,2034,0.0534965571604897
"SC","DEMCOMELC",1,2035,0.0538271591614815
"SC","DEMCOMELC",1,2036,0.0541610671624832
"SC","DEMCOMELC",1,2037,0.054498315163495
"SC","DEMCOMELC",1,2038,0.0548389341645168
"SC","DEMCOMELC",1,2039,0.0551829601655489
"SC","DEMCOMELC",1,2040,0.0555304271665913
"SC","DEMCOMELC",1,2041,0.0558813671676441
"SC","DEMCOMELC",1,2042,0.0562358181687075
"SC","DEMCOMELC",1,2043,0.0565938131697815
"SC","DEMCOMELC",1,2044,0.0573591371720774
"SC","DEMCOMELC",1,2045,0.0581244611743734
"SC","DEMCOMELC",1,2046,0.0588897851766693
"SC","DEMCOMELC",1,2047,0.0596551091789653
"SC","DEMCOMELC",1,2048,0.0604204331812613
"SC","DEMCOMELC",1,2049,0.0611857571835573
"SC","DEMCOMELC",1,2050,0.0619510811858532
"SC","PWRSOLDIST",1,2019,0.00163219100000005
"SC","PWRSOLDIST",1,2020,0.00163219100000005
"SC","PWRSOLDIST",1,2021,0.00163219100000005
"SC","PWRSOLDIST",1,2022,0.00163219100000005
"SC","PWRSOLDIST",1,2023,0.00163219100000005
"SC","PWRSOLDIST",1,2024,0.00163219100000005
"SC","PWRSOLDIST",1,2025,0.000815646944330878
"SC","PWRSOLDIST",1,2026,0.000957828905608085
"SC","PWRSOLDIST",1,2027,0.000766794324407143
"SC","PWRSOLDIST",1,2028,0.000962995626916728
"SC","PWRSOLDIST",1,2029,0.000997476149583856
"SC","PWRSOLDIST",1,2030,0.000987586324698472
"SC","PWRSOLDIST",1,2031,0.00121345473355307
"SC","PWRSOLDIST",1,2032,0.00129878556935662
"SC","PWRSOLDIST",1,2033,0.00144610520451867
"SC","PWRSOLDIST",1,2034,0.00159749578578214
"SC","PWRSOLDIST",1,2035,0.00121203541533826
"SC","PWRSOLDIST",1,2036,0.00133661461895901
"SC","PWRSOLDIST",1,2037,0.00163219100000005
"SC","PWRSOLDIST",1,2038,0.00161324182113967
"SC","PWRSOLDIST",1,2039,0.00163219100000005
"SC","PWRSOLDIST",1,2040,0.00151118879394977
"SC","PWRSOLDIST",1,2041,0.00163219100000005
"SC","PWRSOLDIST",1,2042,0.00163219100000005
"SC","PWRSOLDIST",1,2043,0.00163219100000005
"SC","PWRSOLDIST",1,2044,0.00163219100000005
"SC","PWRSOLDIST",1,2045,0.00163219100000005
"SC","PWRSOLDIST",1,2046,0.002
"SC","PWRSOLDIST",1,2047,0.002
"SC","PWRSOLDIST",1,2048,0.002
"SC","PWRSOLDIST",1,2049,0.002
"SC","PWRSOLDIST",1,2050,0.002
"SC","IMPLPG",1,2019,2.7e-05
"SC","IMPLPG",1,2020,2.4e-05
"SC","IMPLPG",1,2021,2.5e-05
"SC","IMPLPG",1,2022,2.9e-05
"SC","IMPLPG",1,2023,2.9e-05
"SC","IMPLPG",1,2024,3e-05
"SC","IMPLPG",1,2025,3.2e-05
"SC","IMPLPG",1,2026,3.3e-05
"SC","IMPLPG",1,2027,3.3e-05
"SC","IMPLPG",1,2028,3.4e-05
"SC","IMPLPG",1,2029,3.5e-05
"SC","IMPLPG",1,2030,3.6e-05
"SC","IMPLPG",1,2031,3.6e-05
"SC","IMPLPG",1,2032,3.7e-05
"SC","IMPLPG",1,2033,3.7e-05
"SC","IMPLPG",1,2034,3.7e-05
"SC","IMPLPG",1,2035,3.8e-05
"SC","IMPLPG",1,2036,3.8e-05
"SC","IMPLPG",1,2037,3.8e-05
"SC","IMPLPG",1,2038,3.9e-05
"SC","IMPLPG",1,2039,3.9e-05
"SC","IMPLPG",1,2040,3.9e-05
"SC","IMPLPG",1,2041,4e-05
"SC","IMPLPG",1,2042,4e-05
"SC","IMPLPG",1,2043,4e-05
"SC","IMPLPG",1,2044,4.1e-05
"SC","IMPLPG",1,2045,4.1e-05
"SC","IMPLPG",1,2046,4.1e-05
"SC","IMPLPG",1,2047,4.2e-05
"SC","IMPLPG",1,2048,4.2e-05
"SC","IMPLPG",1,2049,4.2e-05
"SC","IMPLPG",1,2050,4.3e-05
"SC","CONLPG",1,2019,2.7e-05
"SC","CONLPG",1,2020,2.4e-05
"SC","CONLPG",1,2021,2.5e-05
"SC","CONLPG",1,2022,2.9e-05
"SC","CONLPG",1,2023,2.9e-05
"SC","CONLPG",1,2024,3e-05
"SC","CONLPG",1,2025,3.2e-05
"SC","CONLPG",1,2026,3.3e-05
"SC","CONLPG",1,2027,3.3e-05
"SC","CONLPG",1,2028,3.4e-05
"SC","CONLPG",1,2029,3.5e-05
"SC","CONLPG",1,2030,3.6e-05
"SC","CONLPG",1,2031,3.6e-05
"SC","CONLPG",1,2032,3.7e-05
"SC","CONLPG",1,2033,3.7e-05
"SC","CONLPG",1,2034,3.7e-05
"SC","CONLPG",1,2035,3.8e-05
"SC","CONLPG",1,2036,3.8e-05
"SC","CONLPG",1,2037,3.8e-05
"SC","CONLPG",1,2038,3.9e-05
"SC","CONLPG",1,2039,3.9e-05
"SC","CONLPG",1,2040,3.9e-05
"SC","CONLPG",1,2041,4e-05
"SC","CONLPG",1,2042,4e-05
"SC","CONLPG",1,2043,4e-05
"SC","CONLPG",1,2044,4.1e-05
"SC","CONLPG",1,2045,4.1e-05
"SC","CONLPG",1,2046,4.1e-05
"SC","CONLPG",1,2047,4.2e-05
"SC","CONLPG",1,2048,4.2e-05
"SC","CONLPG",1,2049,4.2e-05
"SC","CONLPG",1,2050,4.3e-05
"STC","MINSOL",1,2019,0.0151055469664663
"STC","MINSOL",1,2020,0.0163106354259058
"STC","MINSOL",1,2021,0.00777734291322921
"STC","MINSOL",1,2022,0.0120400874167475
"STC","MINSOL",1,2023,0.015137021879268
"STC","MINSOL",1,2024,0.0516827791569734
"STC","MINSOL",1,2025,0.0444263336717784
"STC","MINSOL",1,2026,0.0397759060750113
"STC","MINSOL",1,2027,0.0550681488895956
"STC","MINSOL",1,2028,0.0393411931516406
"STC","MINSOL",1,2029,0.0438985517432534
"STC","MINSOL",1,2030,0.0737146837994845
"STC","MINSOL",1,2031,0.0893255457745442
"STC","MINSOL",1,2032,0.0871257266528261
"STC","MINSOL",1,2033,0.0992056929824014
"STC","MINSOL",1,2034,0.102608493147439
"STC","MINSOL",1,2035,0.0821259635127643
"STC","MINSOL",1,2036,0.104830827878663
"STC","MINSOL",1,2037,0.103467429544649
"STC","MINSOL",1,2038,0.0990912857520627
"STC","MINSOL",1,2039,0.0933954314839163
"STC","MINSOL",1,2040,0.108601689661832
"STC","MINSOL",1,2041,0.101326104205734
"STC","MINSOL",1,2042,0.127090901663555
"STC","MINSOL",1,2043,0.106623302409021
"STC","MINSOL",1,2044,0.113896851175419
"STC","MINSOL",1,2045,0.0896252180035388
"STC","MINSOL",1,2046,0.115936613149451
"STC","MINSOL",1,2047,0.104457408648681
"STC","MINSOL",1,2048,0.101436639567004
"STC","MINSOL",1,2049,0.132260795859473
"STC","MINSOL",1,2050,0.137661229911743
"STC","MINWND",1,2019,0.0158658755018958
"STC","MINWND",1,2020,0.0176879267203917
"STC","MINWND",1,2021,0.00707845309830149
"STC","MINWND",1,2023,0.0147389737248372
"STC","MINWND",1,2024,0.0522468682351699
"STC","MINWND",1,2025,0.0355874006516185
"STC","MINWND",1,2026,0.0358163866980602
"STC","MINWND",1,2027,0.0415872846880901
"STC","MINWND",1,2028,0.0411496301767114
"STC","MINWND",1,2029,0.0363609909721806
"STC","MINWND",1,2030,0.0672291065336042
"STC","MINWND",1,2031,0.0857866331917793
"STC","MINWND",1,2032,0.0672291065336041
"STC","MINWND",1,2033,0.0626971328337027
"STC","MINWND",1,2034,0.0913927173928017
"STC","MINWND",1,2035,0.0597186313452094
"STC","MINWND",1,2036,0.0629307131942444
"STC","MINWND",1,2037,0.0915903007962259
"STC","MINWND",1,2038,0.0648282638781953
"STC","MINWND",1,2039,0.0658865851135939
"STC","MINWND",1,2040,0.0706405821230219
"STC","MINWND",1,2041,0.0492073813087675
"STC","MINWND",1,2042,0.0697849955461728
"STC","MINWND",1,2043,0.0490015755894894
"STC","MINWND",1,2044,0.0620421879416624
"STC","MINWND",1,2045,0.049783816578214
"STC","MINWND",1,2046,0.0563825673785218
"STC","MINWND",1,2047,0.0493465529324676
"STC","MINWND",1,2048,0.0606259940231521
"STC","IMPDSL",1,2019,0.322608000000001
"STC","IMPDSL",1,2020,0.2530176
"STC","IMPDSL",1,2021,0.309394800000001
"STC","IMPDSL",1,2022,0.383521769359401
"STC","IMPDSL",1,2023,0.3518953581
"STC","IMPDSL",1,2024,0.297
"STC","IMPDSL",1,2025,0.3069
"STC","IMPDSL",1,2026,0.3069
"STC","IMPDSL",1,2027,0.3069
"STC","IMPDSL",1,2028,0.3069
"STC","IMPDSL",1,2029,0.3069
"STC","IMPDSL",1,2030,0.0989999999999999
"STC","IMPDSL",1,2031,0.101913688799995
"STC","IMPDSL",1,2032,0.105530686799994
"STC","IMPDSL",1,2033,0.0989999999999999
"STC","IMPDSL",1,2034,0.0990000000000001
"STC","IMPDSL",1,2035,0.099
"STC","IMPDSL",1,2036,0.0825
"STC","IMPDSL",1,2037,0.0824999999999998
"STC","IMPDSL",1,2038,0.0824999999999998
"STC","IMPDSL",1,2039,0.0824999999999997
"STC","IMPDSL",1,2040,0.0824999999999997
"STC","MINWAVE",1,2030,0.0006
"STC","MINWAVE",1,2031,0.000899999999999999
"STC","MINWAVE",1,2032,0.001
"STC","MINWAVE",1,2033,0.005
"STC","MINWAVE",1,2034,0.009
"STC","MINWAVE",1,2035,0.016
"STC","MINWAVE",1,2036,0.0165549254011516
"STC","MINWAVE",1,2037,0.0169271485782938
"STC","MINWAVE",1,2038,0.0168709082213506
"STC","MINWAVE",1,2039,0.0184356527271211
"STC","MINWAVE",1,2040,0.0378726931808188
"STC","MINWAVE",1,2041,0.0463342694826966
"STC","MINWAVE",1,2042,0.0504398626140756
"STC","MINWAVE",1,2043,0.0469354245019336
"STC","MINWAVE",1,2044,0.0485713545542833
"STC","MINWAVE",1,2045,0.0513170739440323
"STC","MINWAVE",1,2046,0.0500579006638528
"STC","MINWAVE",1,2047,0.0537749496257383
"STC","MINWAVE",1,2048,0.0663115041697754
"STC","MINWAVE",1,2049,0.073211811842778
"STC","MINWAVE",1,2050,0.0661787740729199
"STC","PWRWEC",1,2030,0.0006
"STC","PWRWEC",1,2031,0.000900000000000001
"STC","PWRWEC",1,2032,0.001
"STC","PWRWEC",1,2033,0.005
"STC","PWRWEC",1,2034,0.009
"STC","PWRWEC",1,2035,0.016
"STC","PWRWEC",1,2036,0.016
"STC","PWRWEC",1,2037,0.016
"STC","PWRWEC",1,2038,0.016
"STC","PWRWEC",1,2039,0.0163412755153188
"STC","PWRWEC",1,2040,0.0326881372970964
"STC","PWRWEC",1,2041,0.0421794013497408
"STC","PWRWEC",1,2042,0.0421794013497408
"STC","PWRWEC",1,2043,0.0421794013497408
"STC","PWRWEC",1,2044,0.0421794013497408
"STC","PWRWEC",1,2045,0.048
"STC","PWRWEC",1,2046,0.048
"STC","PWRWEC",1,2047,0.0488940143497409
"STC","PWRWEC",1,2048,0.0616334562977678
"STC","PWRWEC",1,2049,0.0632691020246112
"STC","PWRWEC",1,2050,0.0640000000000001
"STC","PWRDIE",1,2019,0.0977600000000001
"STC","PWRDIE",1,2020,0.076672
"STC","PWRDIE",1,2021,0.093756
"STC","PWRDIE",1,2022,0.116218717987697
"STC","PWRDIE",1,2023,0.106634957
"STC","PWRDIE",1,2024,0.09
"STC","PWRDIE",1,2025,0.093
"STC","PWRDIE",1,2026,0.0930000000000002
"STC","PWRDIE",1,2027,0.0930000000000001
"STC","PWRDIE",1,2028,0.093
"STC","PWRDIE",1,2029,0.0929999999999999
"STC","PWRDIE",1,2030,0.03
"STC","PWRDIE",1,2031,0.0308829359999985
"STC","PWRDIE",1,2032,0.0319789959999983
"STC","PWRDIE",1,2033,0.03
"STC","PWRDIE",1,2034,0.03
"STC","PWRDIE",1,2035,0.03
"STC","PWRDIE",1,2036,0.025
"STC","PWRDIE",1,2037,0.0249999999999999
"STC","PWRDIE",1,2038,0.0249999999999999
"STC","PWRDIE",1,2039,0.0249999999999999
"STC","PWRDIE",1,2040,0.0249999999999999
"STC","PWRWND",1,2019,0.0116889400000001
"STC","PWRWND",1,2020,0.0115549712414006
"STC","PWRWND",1,2021,0.001703
"STC","PWRWND",1,2023,0.0108027526559817
"STC","PWRWND",1,2024,0.012888725
"STC","PWRWND",1,2025,0.0191431625485079
"STC","PWRWND",1,2026,0.0208553323036483
"STC","PWRWND",1,2027,0.0228331429949172
"STC","PWRWND",1,2028,0.0233853102362185
"STC","PWRWND",1,2029,0.0250870277613282
"STC","PWRWND",1,2030,0.0588240059020633
"STC","PWRWND",1,2031,0.0588240059020633
"STC","PWRWND",1,2032,0.0588240059020633
"STC","PWRWND",1,2033,0.0580123369020616
"STC","PWRWND",1,2034,0.0579776407064373
"STC","PWRWND",1,2035,0.051511977835424
"STC","PWRWND",1,2036,0.0553310204173815
"STC","PWRWND",1,2037,0.0565949974173821
"STC","PWRWND",1,2038,0.0578730304173822
"STC","PWRWND",1,2039,0.0588240059020633
"STC","PWRWND",1,2040,0.0437837771202858
"STC","PWRWND",1,2041,0.0437837771202858
"STC","PWRWND",1,2042,0.0437837771202858
"STC","PWRWND",1,2043,0.0437837771202858
"STC","PWRWND",1,2044,0.0437837771202858
"STC","PWRWND",1,2045,0.0437002645769848
"STC","PWRWND",1,2046,0.0423368334700261
"STC","PWRWND",1,2047,0.0437837771202858
"STC","PWRWND",1,2048,0.0437837771202858
"STC","PWRSOL",1,2019,0.00783
"STC","PWRSOL",1,2020,0.006297
"STC","PWRSOL",1,2021,0.00347002220905076
"STC","PWRSOL",1,2022,0.0063727
"STC","PWRSOL",1,2023,0.007830394
"STC","PWRSOL",1,2024,0.0275419570077106
"STC","PWRSOL",1,2025,0.0230595686869499
"STC","PWRSOL",1,2026,0.025528536465873
"STC","PWRSOL",1,2027,0.0278185419346224
"STC","PWRSOL",1,2028,0.0313539651335489
"STC","PWRSOL",1,2029,0.0337892499133732
"STC","PWRSOL",1,2030,0.0660988116009561
"STC","PWRSOL",1,2031,0.0660988116009561
"STC","PWRSOL",1,2032,0.0660988116009561
"STC","PWRSOL",1,2033,0.0660988116009561
"STC","PWRSOL",1,2034,0.0633923130031553
"STC","PWRSOL",1,2035,0.0640582756675943
"STC","PWRSOL",1,2036,0.0660988116009561
"STC","PWRSOL",1,2037,0.0660988116009561
"STC","PWRSOL",1,2038,0.0660988116009561
"STC","PWRSOL",1,2039,0.0660988116009561
"STC","PWRSOL",1,2040,0.0660988116009561
"STC","PWRSOL",1,2041,0.0794581995299734
"STC","PWRSOL",1,2042,0.0807940945299734
"STC","PWRSOL",1,2043,0.0807940945299734
"STC","PWRSOL",1,2044,0.0807940945299734
"STC","PWRSOL",1,2045,0.0773979664230147
"STC","PWRSOL",1,2046,0.0807940945299734
"STC","PWRSOL",1,2047,0.0807940945299734
"STC","PWRSOL",1,2048,0.0703956115819465
"STC","PWRSOL",1,2049,0.114555539447766
"STC","PWRSOL",1,2050,0.114170328
"STC","BAT",1,2019,0.0218625000566391
"STC","BAT",1,2020,0.0119689686838327
"STC","BAT",1,2021,0.0160176092429909
"STC","BAT",1,2022,0.0224803384542015
"STC","BAT",1,2023,0.0246624835331849
"STC","BAT",1,2024,0.0177209706000509
"STC","BAT",1,2025,0.0146784475216246
"STC","BAT",1,2026,0.0183778067002099
"STC","BAT",1,2027,0.0158250944039545
"STC","BAT",1,2028,0.0188850751371217
"STC","BAT",1,2029,0.0219925030901618
"STC","BAT",1,2030,0.0442716840513011
"STC","BAT",1,2031,0.039672964213976
"STC","BAT",1,2032,0.0385621079658846
"STC","BAT",1,2033,0.0354502164441145
"STC","BAT",1,2034,0.0405299879575457
"STC","BAT",1,2035,0.0360982362345589
"STC","BAT",1,2036,0.0784240946855887
"STC","BAT",1,2037,0.123226156335764
"STC","BAT",1,2038,0.0624281392806952
"STC","BAT",1,2039,0.176432321764708
"STC","BAT",1,2040,0.116185110902635
"STC","BAT",1,2041,0.0855764307103396
"STC","BAT",1,2042,0.112545253578675
"STC","BAT",1,2043,0.0719699891845102
"STC","BAT",1,2044,0.164479417374913
"STC","BAT",1,2045,0.0711645232783084
"STC","BAT",1,2046,0.0957838053947257
"STC","BAT",1,2047,0.0884257596891742
"STC","BAT",1,2048,0.147134375980383
"STC","BAT",1,2049,0.0891062011167738
"STC","BAT",1,2050,0.0884312675692852
"STC","BAT",2,2036,0.019224326742719
"STC","BAT",2,2037,0.0223773293226612
"STC","BAT",2,2038,0.0073566970936416
"STC","BAT",2,2039,0.0272754979319443
"STC","BAT",2,2040,0.0243534856435293
"STC","BAT",2,2041,0.00649850592798123
"STC","BAT",2,2042,0.0143359583505745
"STC","BAT",2,2043,0.00478506013139621
"STC","BAT",2,2044,0.0136837236024501
"STC","BAT",2,2045,0.000193180423005347
"STC","BAT",2,2046,0.00595363531064125
"STC","BAT",2,2047,0.0153954850074408
"STC","BAT",2,2048,0.0102022137380655
"STC","BAT",2,2049,0.0104978188658437
"STC","BAT",2,2050,0.00697545804240677
"STC","DEMRESELC",1,2019,0.0458175160458175
"STC","DEMRESELC",1,2020,0.0468291920468292
"STC","DEMRESELC",1,2021,0.04786996004787
"STC","DEMRESELC",1,2022,0.048940956048941
"STC","DEMRESELC",1,2023,0.049704980049705
"STC","DEMRESELC",1,2024,0.0516542160516542
"STC","DEMRESELC",1,2025,0.0536528990536529
"STC","DEMRESELC",1,2026,0.0550706510550707
"STC","DEMRESELC",1,2027,0.0564924850564925
"STC","DEMRESELC",1,2028,0.0579184310579184
"STC","DEMRESELC",1,2029,0.0593485180593485
"STC","DEMRESELC",1,2030,0.0607827760607828
"STC","DEMRESELC",1,2031,0.0614766300614767
"STC","DEMRESELC",1,2032,0.0621787180621787
"STC","DEMRESELC",1,2033,0.0628891400628891
"STC","DEMRESELC",1,2034,0.063608001063608
"STC","DEMRESELC",1,2035,0.0643354040643354
"STC","DEMRESELC",1,2036,0.0650714560650714
"STC","DEMRESELC",1,2037,0.0658162640658163
"STC","DEMRESELC",1,2038,0.0672089380752467
"STC","DEMRESELC",1,2039,0.0673325810673326
"STC","DEMRESELC",1,2040,0.0681043120681043
"STC","DEMRESELC",1,2041,0.0688852420688852
"STC","DEMRESELC",1,2042,0.0696754840696754
"STC","DEMRESELC",1,2043,0.0704751540704751
"STC","DEMRESELC",1,2044,0.0714281970714282
"STC","DEMRESELC",1,2045,0.0723812400723813
"STC","DEMRESELC",1,2046,0.0733342830733343
"STC","DEMRESELC",1,2047,0.0793447974967276
"STC","DEMRESELC",1,2048,0.0878389645615004
"STC","DEMRESELC",1,2049,0.0761934120761934
"STC","DEMRESELC",1,2050,0.0812777048607571
"STC","DEMCOMELC",1,2019,0.0714902240714902
"STC","DEMCOMELC",1,2020,0.0480487120480487
"STC","DEMCOMELC",1,2021,0.0511555270511555
"STC","DEMCOMELC",1,2022,0.074398927074399
"STC","DEMCOMELC",1,2023,0.0762800840762801
"STC","DEMCOMELC",1,2024,0.0791184380791185
"STC","DEMCOMELC",1,2025,0.0819612210819612
"STC","DEMCOMELC",1,2026,0.0847447790847448
"STC","DEMCOMELC",1,2027,0.0875283360875283
"STC","DEMCOMELC",1,2028,0.0903118940903119
"STC","DEMCOMELC",1,2029,0.0930954520930955
"STC","DEMCOMELC",1,2030,0.095879010095879
"STC","DEMCOMELC",1,2031,0.0963680920963681
"STC","DEMCOMELC",1,2032,0.0968620640968621
"STC","DEMCOMELC",1,2033,0.097360976097361
"STC","DEMCOMELC",1,2034,0.0978648780978649
"STC","DEMCOMELC",1,2035,0.0983738180983738
"STC","DEMCOMELC",1,2036,0.0988878470988878
"STC","DEMCOMELC",1,2037,0.0994070170994071
"STC","DEMCOMELC",1,2038,0.0999313790999314
"STC","DEMCOMELC",1,2039,0.100460984100461
"STC","DEMCOMELC",1,2040,0.100995886100996
"STC","DEMCOMELC",1,2041,0.101536136101536
"STC","DEMCOMELC",1,2042,0.102081789102082
"STC","DEMCOMELC",1,2043,0.102632898102633
"STC","DEMCOMELC",1,2044,0.104020814104021
"STC","DEMCOMELC",1,2045,0.105408729105409
"STC","DEMCOMELC",1,2046,0.106796645106797
"STC","DEMCOMELC",1,2047,0.108184560108185
"STC","DEMCOMELC",1,2048,0.109604794730514
"STC","DEMCOMELC",1,2049,0.11096039111096
"STC","DEMCOMELC",1,2050,0.110968654110969
"STC","PWRDIST",1,2019,0.126137354964847
"STC","PWRDIST",1,2020,0.102019251714922
"STC","PWRDIST",1,2021,0.106479018386049
"STC","PWRDIST",1,2022,0.13262353024015
"STC","PWRDIST",1,2023,0.135467810888156
"STC","PWRDIST",1,2024,0.140615757129863
"STC","PWRDIST",1,2025,0.145821634554424
"STC","PWRDIST",1,2026,0.15033917219335
"STC","PWRDIST",1,2027,0.154861098004323
"STC","PWRDIST",1,2028,0.159387446395947
"STC","PWRDIST",1,2029,0.163918247475746
"STC","PWRDIST",1,2030,0.168453533501787
"STC","PWRDIST",1,2031,0.169725507696607
"STC","PWRDIST",1,2032,0.171011593719399
"STC","PWRDIST",1,2033,0.172311952860484
"STC","PWRDIST",1,2034,0.17362675178653
"STC","PWRDIST",1,2035,0.174956152863128
"STC","PWRDIST",1,2036,0.176300325982752
"STC","PWRDIST",1,2037,0.177659442113143
"STC","PWRDIST",1,2038,0.180837219467168
"STC","PWRDIST",1,2039,0.180423188352466
"STC","PWRDIST",1,2040,0.181828170074301
"STC","PWRDIST",1,2041,0.196682867776213
"STC","PWRDIST",1,2042,0.184685239969631
"STC","PWRDIST",1,2043,0.20645998999525
"STC","PWRDIST",1,2044,0.22182825910068
"STC","PWRDIST",1,2045,0.224244919494475
"STC","PWRDIST",1,2046,0.211021524947318
"STC","PWRDIST",1,2047,0.201644470542916
"STC","PWRDIST",1,2048,0.212305117518295
"STC","PWRDIST",1,2049,0.223543453877587
"STC","PWRDIST",1,2050,0.207504671969149
"STC","PWRSOLDIST",1,2019,2.88e-05
"STC","PWRSOLDIST",1,2020,0.000353932758599558
"STC","PWRSOLDIST",1,2021,9.64637909492612e-05
"STC","PWRSOLDIST",1,2022,0.000748465012302492
"STC","PWRSOLDIST",1,2023,0.000716960344018147
"STC","PWRSOLDIST",1,2024,0.000341971992289196
"STC","PWRSOLDIST",1,2025,0.000411388764542511
"STC","PWRSOLDIST",1,2026,0.000431561230478669
"STC","PWRSOLDIST",1,2027,0.000369137070460461
"STC","PWRSOLDIST",1,2028,0.000491049630232553
"STC","PWRSOLDIST",1,2029,0.000567692325298432
"STC","PWRSOLDIST",1,2030,0.00113896849698205
"STC","PWRSOLDIST",1,2031,0.00113896849698205
"STC","PWRSOLDIST",1,2032,0.00113896849698205
"STC","PWRSOLDIST",1,2033,0.00113896849698205
"STC","PWRSOLDIST",1,2034,0.00110292529040685
"STC","PWRSOLDIST",1,2035,0.00113896849698205
"STC","PWRSOLDIST",1,2036,0.00152947198166161
"STC","PWRSOLDIST",1,2037,0.00152947198166161
"STC","PWRSOLDIST",1,2038,0.00152947198166161
"STC","PWRSOLDIST",1,2039,0.00152947198166161
"STC","PWRSOLDIST",1,2040,0.00152947198166161
"STC","PWRSOLDIST",1,2041,0.005
"STC","PWRSOLDIST",1,2042,0.005
"STC","PWRSOLDIST",1,2043,0.00635077900000008
"STC","PWRSOLDIST",1,2044,0.00869173800000013
"STC","PWRSOLDIST",1,2045,0.00869173800000013
"STC","PWRSOLDIST",1,2046,0.009
"STC","PWRSOLDIST",1,2047,0.009
"STC","PWRSOLDIST",1,2048,0.009
"STC","PWRSOLDIST",1,2049,0.00932916152762294
"STC","PWRSOLDIST",1,2050,0.009
"STC","IMPLPG",1,2019,5.8e-05
"STC","IMPLPG",1,2020,5.3e-05
"STC","IMPLPG",1,2021,5.5e-05
"STC","IMPLPG",1,2022,6.2e-05
"STC","IMPLPG",1,2023,6.3e-05
"STC","IMPLPG",1,2024,6.6e-05
"STC","IMPLPG",1,2025,6.8e-05
"STC","IMPLPG",1,2026,7e-05
"STC","IMPLPG",1,2027,7.2e-05
"STC","IMPLPG",1,2028,7.4e-05
"STC","IMPLPG",1,2029,7.6e-05
"STC","IMPLPG",1,2030,7.8e-05
"STC","IMPLPG",1,2031,7.8e-05
"STC","IMPLPG",1,2032,7.9e-05
"STC","IMPLPG",1,2033,8e-05
"STC","IMPLPG",1,2034,8e-05
"STC","IMPLPG",1,2035,8.1e-05
"STC","IMPLPG",1,2036,8.2e-05
"STC","IMPLPG",1,2037,8.3e-05
"STC","IMPLPG",1,2038,8.3e-05
"STC","IMPLPG",1,2039,8.4e-05
"STC","IMPLPG",1,2040,8.5e-05
"STC","IMPLPG",1,2041,8.5e-05
"STC","IMPLPG",1,2042,8.6e-05
"STC","IMPLPG",1,2043,8.7e-05
"STC","IMPLPG",1,2044,8.8e-05
"STC","IMPLPG",1,2045,8.8e-05
"STC","IMPLPG",1,2046,8.9e-05
"STC","IMPLPG",1,2047,9e-05
"STC","IMPLPG",1,2048,9.1e-05
"STC","IMPLPG",1,2049,9.2e-05
"STC","IMPLPG",1,2050,9.2e-05
"STC","CONLPG",1,2019,5.8e-05
"STC","CONLPG",1,2020,5.3e-05
"STC","CONLPG",1,2021,5.5e-05
"STC","CONLPG",1,2022,6.2e-05
"STC","CONLPG",1,2023,6.3e-05
"STC","CONLPG",1,2024,6.6e-05
"STC","CONLPG",1,2025,6.8e-05
"STC","CONLPG",1,2026,7e-05
"STC","CONLPG",1,2027,7.2e-05
"STC","CONLPG",1,2028,7.4e-05
"STC","CONLPG",1,2029,7.6e-05
"STC","CONLPG",1,2030,7.8e-05
"STC","CONLPG",1,2031,7.8e-05
"STC","CONLPG",1,2032,7.9e-05
"STC","CONLPG",1,2033,8e-05
"STC","CONLPG",1,2034,8e-05
"STC","CONLPG",1,2035,8.1e-05
"STC","CONLPG",1,2036,8.2e-05
"STC","CONLPG",1,2037,8.3e-05
"STC","CONLPG",1,2038,8.3e-05
"STC","CONLPG",1,2039,8.4e-05
"STC","CONLPG",1,2040,8.5e-05
"STC","CONLPG",1,2041,8.5e-05
"STC","CONLPG",1,2042,8.6e-05
"STC","CONLPG",1,2043,8.7e-05
"STC","CONLPG",1,2044,8.8e-05
"STC","CONLPG",1,2045,8.8e-05
"STC","CONLPG",1,2046,8.9e-05
"STC","CONLPG",1,2047,9e-05
"STC","CONLPG",1,2048,9.1e-05
"STC","CONLPG",1,2049,9.2e-05
"STC","CONLPG",1,2050,9.2e-05
"IS","MINSOL",1,2019,0.0086319252107025
"IS","MINSOL",1,2020,0.00737904546245307
"IS","MINSOL",1,2021,0.00840959017419753
"IS","MINSOL",1,2022,0.00793722186344855
"IS","MINSOL",1,2023,0.00713549877764817
"IS","MINSOL",1,2024,0.00924022198369021
"IS","MINSOL",1,2025,0.0111479450933631
"IS","MINSOL",1,2026,0.0118683685727754
"IS","MINSOL",1,2027,0.0143397483247425
"IS","MINSOL",1,2028,0.0156997952567838
"IS","MINSOL",1,2029,0.0161224346702701
"IS","MINSOL",1,2030,0.0152151756004892
"IS","MINSOL",1,2031,0.0174110317157359
"IS","MINSOL",1,2032,0.0152915813067337
"IS","MINSOL",1,2033,0.0138491060436098
"IS","MINSOL",1,2034,0.0321480928243835
"IS","MINSOL",1,2035,0.0340779444320517
"IS","MINSOL",1,2036,0.0337254543786505
"IS","MINSOL",1,2037,0.034641297452919
"IS","MINSOL",1,2038,0.0371556535192747
"IS","MINSOL",1,2039,0.0353262285960138
"IS","MINSOL",1,2040,0.0425892125449087
"IS","MINSOL",1,2041,0.0296563422102789
"IS","MINSOL",1,2042,0.0296698216529632
"IS","MINSOL",1,2043,0.0417815780452688
"IS","MINSOL",1,2044,0.0348975202340353
"IS","MINSOL",1,2045,0.0279303296300494
"IS","MINSOL",1,2046,0.0338273990009428
"IS","MINSOL",1,2047,0.0379357791258233
"IS","MINSOL",1,2048,0.0308432983829095
"IS","MINSOL",1,2049,0.0297784595839809
"IS","MINSOL",1,2050,0.0278712685663096
"IS","IMPDSL",1,2019,0.0460891596
"IS","IMPDSL",1,2020,0.0298216943125697
"IS","IMPDSL",1,2021,0.0316117166125697
"IS","IMPDSL",1,2022,0.0503449520125697
"IS","IMPDSL",1,2023,0.0492761645125697
"IS","IMPDSL",1,2024,0.0500282279125697
"IS","IMPDSL",1,2025,0.0495
"IS","IMPDSL",1,2026,0.0495
"IS","IMPDSL",1,2027,0.0495
"IS","IMPDSL",1,2028,0.0495
"IS","IMPDSL",1,2029,0.0495
"IS","IMPDSL",1,2030,0.0495
"IS","IMPDSL",1,2031,0.0495
"IS","IMPDSL",1,2032,0.0495
"IS","IMPDSL",1,2033,0.0495
"IS","IMPDSL",1,2034,0.00727085084541439
"IS","IMPDSL",1,2039,0.000606120899999966
"IS","MINWAVE",1,2030,0.00033497
"IS","MINWAVE",1,2031,0.0006
"IS","MINWAVE",1,2032,0.000900000000000001
"IS","MINWAVE",1,2033,0.001
"IS","MINWAVE",1,2034,0.0015
"IS","MINWAVE",1,2035,0.00387899013497409
"IS","MINWAVE",1,2036,0.00453917274433772
"IS","MINWAVE",1,2037,0.00477395925276669
"IS","MINWAVE",1,2038,0.00506231656199412
"IS","MINWAVE",1,2039,0.0050426065613634
"IS","MINWAVE",1,2040,0.00529069767441862
"IS","MINWAVE",1,2041,0.0051019466712623
"IS","MINWAVE",1,2042,0.0050614520911468
"IS","MINWAVE",1,2043,0.00540836917170788
"IS","MINWAVE",1,2044,0.00554782613497407
"IS","MINWAVE",1,2045,0.0075069607223015
"IS","MINWAVE",1,2046,0.00799866320148732
"IS","MINWAVE",1,2047,0.00768938595672704
"IS","MINWAVE",1,2048,0.00791188817607732
"IS","MINWAVE",1,2049,0.0107064723426071
"IS","MINWAVE",1,2050,0.0107346924205013
"IS","PWRWEC",1,2030,0.00033497
"IS","PWRWEC",1,2031,0.0006
"IS","PWRWEC",1,2032,0.000900000000000001
"IS","PWRWEC",1,2033,0.001
"IS","PWRWEC",1,2034,0.0015
"IS","PWRWEC",1,2035,0.00387899013497409
"IS","PWRWEC",1,2036,0.00405665113497409
"IS","PWRWEC",1,2037,0.00421794013497408
"IS","PWRWEC",1,2038,0.00421794013497408
"IS","PWRWEC",1,2039,0.00421794013497408
"IS","PWRWEC",1,2040,0.00500000000000001
"IS","PWRWEC",1,2041,0.005
"IS","PWRWEC",1,2042,0.005
"IS","PWRWEC",1,2043,0.00515705713497409
"IS","PWRWEC",1,2044,0.00554782613497407
"IS","PWRWEC",1,2045,0.00749999999999999
"IS","PWRWEC",1,2046,0.0075
"IS","PWRWEC",1,2047,0.00750000000000001
"IS","PWRWEC",1,2048,0.0075
"IS","PWRWEC",1,2049,0.0098418603149395
"IS","PWRWEC",1,2050,0.0101240222505244
"IS","PWRDIE",1,2019,0.013966412
"IS","PWRDIE",1,2020,0.00903687706441505
"IS","PWRDIE",1,2021,0.00957930806441505
"IS","PWRDIE",1,2022,0.0152560460644151
"IS","PWRDIE",1,2023,0.014932171064415
"IS","PWRDIE",1,2024,0.015160069064415
"IS","PWRDIE",1,2025,0.015
"IS","PWRDIE",1,2026,0.015
"IS","PWRDIE",1,2027,0.015
"IS","PWRDIE",1,2028,0.015
"IS","PWRDIE",1,2029,0.015
"IS","PWRDIE",1,2030,0.015
"IS","PWRDIE",1,2031,0.015
"IS","PWRDIE",1,2032,0.015
"IS","PWRDIE",1,2033,0.015
"IS","PWRDIE",1,2034,0.00220328813497406
"IS","PWRDIE",1,2039,0.00018367299999999
"IS","PWRSOL",1,2019,0.00556274
"IS","PWRSOL",1,2020,0.00507779
"IS","PWRSOL",1,2021,0.00537291
"IS","PWRSOL",1,2022,0.00525896
"IS","PWRSOL",1,2023,0.006119019
"IS","PWRSOL",1,2024,0.006730921
"IS","PWRSOL",1,2025,0.0077621605386771
"IS","PWRSOL",1,2026,0.008460639
"IS","PWRSOL",1,2027,0.00921431099999998
"IS","PWRSOL",1,2028,0.00996844018783285
"IS","PWRSOL",1,2029,0.01072347
"IS","PWRSOL",1,2030,0.0111368355167489
"IS","PWRSOL",1,2031,0.010827054
"IS","PWRSOL",1,2032,0.010697013
"IS","PWRSOL",1,2033,0.010768864
"IS","PWRSOL",1,2034,0.0229393408650259
"IS","PWRSOL",1,2035,0.0229393408650259
"IS","PWRSOL",1,2036,0.0229393408650259
"IS","PWRSOL",1,2037,0.0229393408650259
"IS","PWRSOL",1,2038,0.0229393408650259
"IS","PWRSOL",1,2039,0.0229393408650259
"IS","PWRSOL",1,2040,0.022526679
"IS","PWRSOL",1,2041,0.022714479
"IS","PWRSOL",1,2042,0.0229043770000001
"IS","PWRSOL",1,2043,0.0229393408650259
"IS","PWRSOL",1,2044,0.0229393408650259
"IS","PWRSOL",1,2045,0.0213779359999999
"IS","PWRSOL",1,2046,0.021368706
"IS","PWRSOL",1,2047,0.0217594750000001
"IS","PWRSOL",1,2048,0.0221502440000001
"IS","PWRSOL",1,2049,0.0201755397494755
"IS","PWRSOL",1,2050,0.0201755397494755
"IS","BAT",1,2019,0.00352858293150717
"IS","BAT",1,2020,0.0016495266078296
"IS","BAT",1,2021,0.00322617757269035
"IS","BAT",1,2022,0.00502497163576695
"IS","BAT",1,2023,0.00933755024117967
"IS","BAT",1,2024,0.00635342371318748
"IS","BAT",1,2025,0.00654947532770167
"IS","BAT",1,2026,0.00742882205661393
"IS","BAT",1,2027,0.00777988845278036
"IS","BAT",1,2028,0.00975784926886627
"IS","BAT",1,2029,0.00808031374635657
"IS","BAT",1,2030,0.00777457910562906
"IS","BAT",1,2031,0.0093333762375868
"IS","BAT",1,2032,0.00956233036777096
"IS","BAT",1,2033,0.00855870581040192
"IS","BAT",1,2034,0.0111032163872489
"IS","BAT",1,2035,0.0105951318859975
"IS","BAT",1,2036,0.0185816059329369
"IS","BAT",1,2037,0.0208847712824673
"IS","BAT",1,2038,0.0207595159755701
"IS","BAT",1,2039,0.0215937089865367
"IS","BAT",1,2040,0.0274627616255935
"IS","BAT",1,2041,0.0157101770925898
"IS","BAT",1,2042,0.0201065180777764
"IS","BAT",1,2043,0.0208506616330549
"IS","BAT",1,2044,0.0233056036272213
"IS","BAT",1,2045,0.0178766938087057
"IS","BAT",1,2046,0.0152422466142664
"IS","BAT",1,2047,0.027971467123933
"IS","BAT",1,2048,0.0172868208128035
"IS","BAT",1,2049,0.0115643857533534
"IS","BAT",1,2050,0.0242778141696465
"IS","BAT",2,2036,0.00298368166218578
"IS","BAT",2,2037,0.00426974252616407
"IS","BAT",2,2038,0.00730949938391098
"IS","BAT",2,2039,0.00437948286552455
"IS","BAT",2,2040,0.00797013232289585
"IS","BAT",2,2041,0.00309659468462643
"IS","BAT",2,2042,0.00512053517127584
"IS","BAT",2,2043,0.00397175262392314
"IS","BAT",2,2044,0.00159468561296136
"IS","BAT",2,2045,0.00193695332437254
"IS","BAT",2,2046,0.00100571326453216
"IS","BAT",2,2047,0.00492357853641636
"IS","BAT",2,2048,0.00271162743556507
"IS","BAT",2,2049,0.00184809017089288
"IS","BAT",2,2050,0.00587871635568944
"IS","DEMRESELC",1,2019,0.00675359298649281
"IS","DEMRESELC",1,2020,0.00690285298619429
"IS","DEMRESELC",1,2021,0.00705640598588719
"IS","DEMRESELC",1,2022,0.00721442098557116
"IS","DEMRESELC",1,2023,0.00732718998534562
"IS","DEMRESELC",1,2024,0.00761468298477063
"IS","DEMRESELC",1,2025,0.00790947598418105
"IS","DEMRESELC",1,2026,0.00811843398376313
"IS","DEMRESELC",1,2027,0.00832799098334402
"IS","DEMRESELC",1,2028,0.00853815198292369
"IS","DEMRESELC",1,2029,0.00874891998250216
"IS","DEMRESELC",1,2030,0.00896030098207939
"IS","DEMRESELC",1,2031,0.00906253398187494
"IS","DEMRESELC",1,2032,0.00916597798166804
"IS","DEMRESELC",1,2033,0.0092706499814587
"IS","DEMRESELC",1,2034,0.00937656498124687
"IS","DEMRESELC",1,2035,0.00948373698103253
"IS","DEMRESELC",1,2036,0.00959218398081563
"IS","DEMRESELC",1,2037,0.00970191898059616
"IS","DEMRESELC",1,2038,0.00981295898037408
"IS","DEMRESELC",1,2039,0.00992532098014936
"IS","DEMRESELC",1,2040,0.010039020979922
"IS","DEMRESELC",1,2041,0.0101540749796918
"IS","DEMRESELC",1,2042,0.010270500979459
"IS","DEMRESELC",1,2043,0.0116263837083651
"IS","DEMRESELC",1,2044,0.0105287969789424
"IS","DEMRESELC",1,2045,0.0106692789786614
"IS","DEMRESELC",1,2046,0.0108097609783805
"IS","DEMRESELC",1,2047,0.011696948047964
"IS","DEMRESELC",1,2048,0.0110907259778185
"IS","DEMRESELC",1,2049,0.0117682628700279
"IS","DEMRESELC",1,2050,0.0119885638489122
"IS","DEMCOMELC",1,2019,0.0128007589743985
"IS","DEMCOMELC",1,2020,0.00726062598547875
"IS","DEMCOMELC",1,2021,0.00794462398411076
"IS","DEMCOMELC",1,2022,0.0133493969733012
"IS","DEMCOMELC",1,2023,0.0137728119724544
"IS","DEMCOMELC",1,2024,0.0143251199713498
"IS","DEMCOMELC",1,2025,0.0148780899702438
"IS","DEMCOMELC",1,2026,0.0154222049691556
"IS","DEMCOMELC",1,2027,0.0159663199680674
"IS","DEMCOMELC",1,2028,0.0165104349669791
"IS","DEMCOMELC",1,2029,0.0170545499658909
"IS","DEMCOMELC",1,2030,0.0175986649648027
"IS","DEMCOMELC",1,2031,0.017664519964671
"IS","DEMCOMELC",1,2032,0.0177310339645379
"IS","DEMCOMELC",1,2033,0.0177982129644036
"IS","DEMCOMELC",1,2034,0.0178660639642679
"IS","DEMCOMELC",1,2035,0.0179345939641308
"IS","DEMCOMELC",1,2036,0.0180038079639924
"IS","DEMCOMELC",1,2037,0.0180737149638526
"IS","DEMCOMELC",1,2038,0.0181443209637114
"IS","DEMCOMELC",1,2039,0.0182156329635687
"IS","DEMCOMELC",1,2040,0.0182876579634247
"IS","DEMCOMELC",1,2041,0.0183604039632792
"IS","DEMCOMELC",1,2042,0.0184338759631323
"IS","DEMCOMELC",1,2043,0.0185080839629838
"IS","DEMCOMELC",1,2044,0.0187583709624833
"IS","DEMCOMELC",1,2045,0.0190086569619827
"IS","DEMCOMELC",1,2046,0.0192589439614821
"IS","DEMCOMELC",1,2047,0.0195092309609815
"IS","DEMCOMELC",1,2048,0.019759517960481
"IS","DEMCOMELC",1,2049,0.0202779493804628
"IS","DEMCOMELC",1,2050,0.0202600909594798
"IS","PWRDIST",1,2019,0.0195543519608913
"IS","PWRDIST",1,2020,0.014163478971673
"IS","PWRDIST",1,2021,0.0150010299699979
"IS","PWRDIST",1,2022,0.0205638179588724
"IS","PWRDIST",1,2023,0.0211000019578
"IS","PWRDIST",1,2024,0.0219398029561204
"IS","PWRDIST",1,2025,0.0227875659544249
"IS","PWRDIST",1,2026,0.0235406389529187
"IS","PWRDIST",1,2027,0.0242943109514114
"IS","PWRDIST",1,2028,0.0250485869499028
"IS","PWRDIST",1,2029,0.0258034699483931
"IS","PWRDIST",1,2030,0.0265589659468821
"IS","PWRDIST",1,2031,0.0267270539465459
"IS","PWRDIST",1,2032,0.026897011946206
"IS","PWRDIST",1,2033,0.0270688629458623
"IS","PWRDIST",1,2034,0.0272426289455147
"IS","PWRDIST",1,2035,0.0274183309451633
"IS","PWRDIST",1,2036,0.0287610157473189
"IS","PWRDIST",1,2037,0.0291661895075385
"IS","PWRDIST",1,2038,0.0279572799440854
"IS","PWRDIST",1,2039,0.0303941844278458
"IS","PWRDIST",1,2040,0.0283266789433467
"IS","PWRDIST",1,2041,0.029088890975258
"IS","PWRDIST",1,2042,0.0294557810926953
"IS","PWRDIST",1,2043,0.0301344676713489
"IS","PWRDIST",1,2044,0.0434297590852921
"IS","PWRDIST",1,2045,0.0321547294787461
"IS","PWRDIST",1,2046,0.034793108750909
"IS","PWRDIST",1,2047,0.0312061790089455
"IS","PWRDIST",1,2048,0.0377295659642775
"IS","PWRDIST",1,2049,0.0320462122504907
"IS","PWRDIST",1,2050,0.032248654808392
"IS","PWRSOLDIST",1,2019,2.52e-05
"IS","PWRSOLDIST",1,2020,4.88129355849451e-05
"IS","PWRSOLDIST",1,2021,4.88129355849451e-05
"IS","PWRSOLDIST",1,2022,4.88129355849451e-05
"IS","PWRSOLDIST",1,2023,4.88129355849451e-05
"IS","PWRSOLDIST",1,2024,4.88129355849451e-05
"IS","PWRSOLDIST",1,2025,2.54064613229017e-05
"IS","PWRSOLDIST",1,2026,8e-05
"IS","PWRSOLDIST",1,2027,8e-05
"IS","PWRSOLDIST",1,2028,8.01468121671534e-05
"IS","PWRSOLDIST",1,2029,8e-05
"IS","PWRSOLDIST",1,2030,8.71604832511687e-05
"IS","PWRSOLDIST",1,2031,0.0003
"IS","PWRSOLDIST",1,2032,0.000299999999999999
"IS","PWRSOLDIST",1,2033,0.000300000000000001
"IS","PWRSOLDIST",1,2034,0.0006
"IS","PWRSOLDIST",1,2035,0.0006
"IS","PWRSOLDIST",1,2036,0.0006
"IS","PWRSOLDIST",1,2037,0.000618353000000007
"IS","PWRSOLDIST",1,2038,0.0008
"IS","PWRSOLDIST",1,2039,0.0008
"IS","PWRSOLDIST",1,2040,0.0008
"IS","PWRSOLDIST",1,2041,0.0008
"IS","PWRSOLDIST",1,2042,0.0008
"IS","PWRSOLDIST",1,2043,0.0008
"IS","PWRSOLDIST",1,2044,0.0008
"IS","PWRSOLDIST",1,2045,0.0008
"IS","PWRSOLDIST",1,2046,0.0012
"IS","PWRSOLDIST",1,2047,0.0012
"IS","PWRSOLDIST",1,2048,0.0012
"IS","PWRSOLDIST",1,2049,0.00122361293558494
"IS","PWRSOLDIST",1,2050,0.0012
"IS","IMPLPG",1,2019,9e-06
"IS","IMPLPG",1,2020,8e-06
"IS","IMPLPG",1,2021,8e-06
"IS","IMPLPG",1,2022,1e-05
"IS","IMPLPG",1,2023,1e-05
"IS","IMPLPG",1,2024,1e-05
"IS","IMPLPG",1,2025,1.1e-05
"IS","IMPLPG",1,2026,1.1e-05
"IS","IMPLPG",1,2027,1.1e-05
"IS","IMPLPG",1,2028,1.2e-05
"IS","IMPLPG",1,2029,1.2e-05
"IS","IMPLPG",1,2030,1.2e-05
"IS","IMPLPG",1,2031,1.2e-05
"IS","IMPLPG",1,2032,1.2e-05
"IS","IMPLPG",1,2033,1.2e-05
"IS","IMPLPG",1,2034,1.3e-05
"IS","IMPLPG",1,2035,1.3e-05
"IS","IMPLPG",1,2036,1.3e-05
"IS","IMPLPG",1,2037,1.3e-05
"IS","IMPLPG",1,2038,1.3e-05
"IS","IMPLPG",1,2039,1.3e-05
"IS","IMPLPG",1,2040,1.3e-05
"IS","IMPLPG",1,2041,1.3e-05
"IS","IMPLPG",1,2042,1.3e-05
"IS","IMPLPG",1,2043,1.3e-05
"IS","IMPLPG",1,2044,1.4e-05
"IS","IMPLPG",1,2045,1.4e-05
"IS","IMPLPG",1,2046,1.4e-05
"IS","IMPLPG",1,2047,1.4e-05
"IS","IMPLPG",1,2048,1.4e-05
"IS","IMPLPG",1,2049,1.4e-05
"IS","IMPLPG",1,2050,1.4e-05
"IS","CONLPG",1,2019,9e-06
"IS","CONLPG",1,2020,8e-06
"IS","CONLPG",1,2021,8e-06
"IS","CONLPG",1,2022,1e-05
"IS","CONLPG",1,2023,1e-05
"IS","CONLPG",1,2024,1e-05
"IS","CONLPG",1,2025,1.1e-05
"IS","CONLPG",1,2026,1.1e-05
"IS","CONLPG",1,2027,1.1e-05
"IS","CONLPG",1,2028,1.2e-05
"IS","CONLPG",1,2029,1.2e-05
"IS","CONLPG",1,2030,1.2e-05
"IS","CONLPG",1,2031,1.2e-05
"IS","CONLPG",1,2032,1.2e-05
"IS","CONLPG",1,2033,1.2e-05
"IS","CONLPG",1,2034,1.3e-05
"IS","CONLPG",1,2035,1.3e-05
"IS","CONLPG",1,2036,1.3e-05
"IS","CONLPG",1,2037,1.3e-05
"IS","CONLPG",1,2038,1.3e-05
"IS","CONLPG",1,2039,1.3e-05
"IS","CONLPG",1,2040,1.3e-05
"IS","CONLPG",1,2041,1.3e-05
"IS","CONLPG",1,2042,1.3e-05
"IS","CONLPG",1,2043,1.3e-05
"IS","CONLPG",1,2044,1.4e-05
"IS","CONLPG",1,2045,1.4e-05
"IS","CONLPG",1,2046,1.4e-05
"IS","CONLPG",1,2047,1.4e-05
"IS","CONLPG",1,2048,1.4e-05
"IS","CONLPG",1,2049,1.4e-05
"IS","CONLPG",1,2050,1.4e-05
"FL","MINSOL",1,2019,0.000179662162813474
"FL","MINSOL",1,2020,0.000176470584583397
"FL","MINSOL",1,2021,0.000124548026602436
"FL","MINSOL",1,2022,0.000163379889583127
"FL","MINSOL",1,2023,0.000171662889583127
"FL","MINSOL",1,2024,0.000147407026602436
"FL","MINSOL",1,2025,0.000169423407795609
"FL","MINSOL",1,2026,0.000177033721405121
"FL","MINSOL",1,2027,0.000211053054738454
"FL","MINSOL",1,2028,0.00110225301409098
"FL","MINSOL",1,2029,0.00112094101409098
"FL","MINSOL",1,2030,0.00106395777317694
"FL","MINSOL",1,2031,0.00106136281715809
"FL","MINSOL",1,2032,0.00106481704350961
"FL","MINSOL",1,2033,0.00105582021049494
"FL","MINSOL",1,2034,0.00105217009046983
"FL","MINSOL",1,2035,0.00101859615828608
"FL","MINSOL",1,2036,0.00109549102919636
"FL","MINSOL",1,2037,0.00102935355909884
"FL","MINSOL",1,2038,0.00103495254254142
"FL","MINSOL",1,2039,0.00105110279143779
"FL","MINSOL",1,2040,0.000924172390608691
"FL","MINSOL",1,2041,0.000935490717001628
"FL","MINSOL",1,2042,0.000939006873806294
"FL","MINSOL",1,2043,0.000948076681116512
"FL","MINSOL",1,2044,0.000959765873806294
"FL","MINSOL",1,2045,0.000879249708079658
"FL","MINSOL",1,2046,0.000877057133232265
"FL","MINSOL",1,2047,0.000940772193446054
"FL","MINSOL",1,2048,0.000901508842724447
"FL","MINSOL",1,2049,0.000944306569486829
"FL","MINSOL",1,2050,0.000728090439035471
"FL","IMPDSL",1,2019,0.0020300247
"FL","IMPDSL",1,2020,0.00140978589588443
"FL","IMPDSL",1,2021,0.00165
"FL","IMPDSL",1,2022,0.00213786159588443
"FL","IMPDSL",1,2023,0.00218297259588443
"FL","IMPDSL",1,2024,0.00231
"FL","IMPDSL",1,2025,0.00231
"FL","IMPDSL",1,2026,0.00231
"FL","IMPDSL",1,2027,0.00231
"FL","MINWAVE",1,2030,9.262e-05
"FL","MINWAVE",1,2031,0.0001
"FL","MINWAVE",1,2032,9.99999999999999e-05
"FL","MINWAVE",1,2033,0.00011
"FL","MINWAVE",1,2034,0.00012
"FL","MINWAVE",1,2035,0.00013
"FL","MINWAVE",1,2036,0.000130363826205928
"FL","MINWAVE",1,2037,0.000130363826205928
"FL","MINWAVE",1,2038,0.00013
"FL","MINWAVE",1,2039,0.00013
"FL","MINWAVE",1,2040,0.00026
"FL","MINWAVE",1,2041,0.00026
"FL","MINWAVE",1,2042,0.000278758556040274
"FL","MINWAVE",1,2043,0.00026
"FL","MINWAVE",1,2044,0.000298488266671625
"FL","MINWAVE",1,2045,0.00042288561158034
"FL","MINWAVE",1,2046,0.000412851779867257
"FL","MINWAVE",1,2047,0.000434333452594056
"FL","MINWAVE",1,2048,0.000432210837141516
"FL","MINWAVE",1,2049,0.000436130732004184
"FL","MINWAVE",1,2050,0.000641960363242732
"FL","PWRWEC",1,2030,9.262e-05
"FL","PWRWEC",1,2031,0.0001
"FL","PWRWEC",1,2032,9.99999999999999e-05
"FL","PWRWEC",1,2033,0.00011
"FL","PWRWEC",1,2034,0.00012
"FL","PWRWEC",1,2035,0.00013
"FL","PWRWEC",1,2036,0.00013
"FL","PWRWEC",1,2037,0.00013
"FL","PWRWEC",1,2038,0.00013
"FL","PWRWEC",1,2039,0.00013
"FL","PWRWEC",1,2040,0.00026
"FL","PWRWEC",1,2041,0.00026
"FL","PWRWEC",1,2042,0.00026
"FL","PWRWEC",1,2043,0.00026
"FL","PWRWEC",1,2044,0.00026
"FL","PWRWEC",1,2045,0.00039
"FL","PWRWEC",1,2046,0.00039
"FL","PWRWEC",1,2047,0.00039
"FL","PWRWEC",1,2048,0.00039
"FL","PWRWEC",1,2049,0.00039
"FL","PWRWEC",1,2050,0.0006
"FL","PWRDIE",1,2019,0.000615159000000001
"FL","PWRDIE",1,2020,0.000427207847237707
"FL","PWRDIE",1,2021,0.0005
"FL","PWRDIE",1,2022,0.000647836847237708
"FL","PWRDIE",1,2023,0.000661506847237708
"FL","PWRDIE",1,2024,0.0007
"FL","PWRDIE",1,2025,0.0007
"FL","PWRDIE",1,2026,0.0007
"FL","PWRDIE",1,2027,0.0007
"FL","PWRSOL",1,2019,0.000109531
"FL","PWRSOL",1,2020,9.6112e-05
"FL","PWRSOL",1,2021,5.6648e-05
"FL","PWRSOL",1,2022,8.2829e-05
"FL","PWRSOL",1,2023,9.1112e-05
"FL","PWRSOL",1,2024,9.13445437964334e-05
"FL","PWRSOL",1,2025,0.000124749342048426
"FL","PWRSOL",1,2026,0.000143240342048425
"FL","PWRSOL",1,2027,0.000161796342048425
"FL","PWRSOL",1,2028,0.000857923755234257
"FL","PWRSOL",1,2029,0.000871607847237707
"FL","PWRSOL",1,2030,0.000732711053149562
"FL","PWRSOL",1,2031,0.000731472933124448
"FL","PWRSOL",1,2032,0.000737736933124446
"FL","PWRSOL",1,2033,0.000749760879340424
"FL","PWRSOL",1,2034,0.000730471933124445
"FL","PWRSOL",1,2035,0.000726945933124447
"FL","PWRSOL",1,2036,0.000744604767677985
"FL","PWRSOL",1,2037,0.000743398151426612
"FL","PWRSOL",1,2038,0.000746798933124446
"FL","PWRSOL",1,2039,0.000753563933124446
"FL","PWRSOL",1,2040,0.000565320019011186
"FL","PWRSOL",1,2041,0.000572235019011186
"FL","PWRSOL",1,2042,0.000579228019011187
"FL","PWRSOL",1,2043,0.000617397993010345
"FL","PWRSOL",1,2044,0.000634212774064054
"FL","PWRSOL",1,2045,0.000504374523135866
"FL","PWRSOL",1,2046,0.000510259057386587
"FL","PWRSOL",1,2047,0.000536186556860537
"FL","PWRSOL",1,2048,0.000568828629256783
"FL","PWRSOL",1,2049,0.000575659622186217
"FL","PWRSOL",1,2050,0.000420631619457479
"FL","BAT",1,2030,1.51548510588142e-05
"FL","BAT",1,2031,1.68461665730448e-05
"FL","BAT",1,2032,1.52259444793463e-05
"FL","BAT",1,2033,1.53109575234953e-05
"FL","BAT",1,2034,1.59018705483535e-05
"FL","BAT",1,2035,1.06097647704927e-05
"FL","BAT",1,2036,9.74418481234085e-06
"FL","BAT",1,2037,9.83291101826185e-06
"FL","BAT",1,2038,1.8941694450847e-05
"FL","BAT",1,2039,2.40463486945688e-05
"FL","BAT",1,2040,1.15794670274069e-05
"FL","BAT",1,2041,1.17167590021109e-05
"FL","BAT",1,2042,1.04203669043074e-05
"FL","BAT",1,2043,1.55525710320019e-05
"FL","BAT",1,2044,1.30011214499864e-05
"FL","BAT",1,2045,3.7424817110179e-05
"FL","BAT",1,2046,2.54547398319051e-05
"FL","BAT",1,2047,2.733325034937e-05
"FL","BAT",1,2048,2.00421914111604e-05
"FL","BAT",1,2049,2.53881247972095e-05
"FL","BAT",1,2050,2.49515114661506e-05
"FL","BAT",2,2036,6.47907231674997e-08
"FL","BAT",2,2037,6.50569198544988e-08
"FL","BAT",2,2038,2.37963660677998e-07
"FL","BAT",2,2039,2.38952832597001e-07
"FL","BAT",2,2040,2.39951550203999e-07
"FL","BAT",2,2041,2.40960211235999e-07
"FL","BAT",2,2042,3.5581183212323e-06
"FL","BAT",2,2043,2.43008159049001e-07
"FL","BAT",2,2045,5.26860124200668e-06
"FL","BAT",2,2046,5.20142444588992e-06
"FL","BAT",2,2047,1.72998898179034e-06
"FL","BAT",2,2048,1.36706985462721e-07
"FL","BAT",2,2049,1.38188890830722e-07
"FL","BAT",2,2050,5.16427032481976e-07
"FL","DEMCOMELC",1,2030,2.1018178018453e-05
"FL","DEMCOMELC",1,2031,2.1101485721981e-05
"FL","DEMCOMELC",1,2032,2.1185591670055e-05
"FL","DEMCOMELC",1,2033,2.1270604714204e-05
"FL","DEMCOMELC",1,2034,2.1356416002899e-05
"FL","DEMCOMELC",1,2035,2.1443098103826e-05
"FL","DEMCOMELC",1,2036,2.1530651016985e-05
"FL","DEMCOMELC",1,2037,2.1619111026219e-05
"FL","DEMCOMELC",1,2038,3.2152006652238e-05
"FL","DEMCOMELC",1,2039,3.2285656731537e-05
"FL","DEMCOMELC",1,2040,3.2420596558284e-05
"FL","DEMCOMELC",1,2041,3.2556879871956e-05
"FL","DEMCOMELC",1,2042,3.2694506672553e-05
"FL","DEMCOMELC",1,2043,5.4568678193577e-05
"FL","DEMCOMELC",1,2044,5.5171363739292e-05
"FL","DEMCOMELC",1,2045,5.4922417840626e-05
"FL","DEMCOMELC",1,2046,5.5645554562638e-05
"FL","DEMCOMELC",1,2047,5.6368778810276e-05
"FL","DEMCOMELC",1,2048,5.7091915532288e-05
"FL","DEMCOMELC",1,2049,5.78150522543e-05
"FL","DEMCOMELC",1,2050,6.8970394254605e-05
"FL","PWRDIST",1,2030,2.1018178018453e-05
"FL","PWRDIST",1,2031,2.1101485721981e-05
"FL","PWRDIST",1,2032,2.1185591670055e-05
"FL","PWRDIST",1,2033,2.1270604714204e-05
"FL","PWRDIST",1,2034,2.1356416002899e-05
"FL","PWRDIST",1,2035,2.1443098103826e-05
"FL","PWRDIST",1,2036,2.1530651016985e-05
"FL","PWRDIST",1,2037,2.1619111026219e-05
"FL","PWRDIST",1,2038,3.2152006652238e-05
"FL","PWRDIST",1,2039,3.2285656731537e-05
"FL","PWRDIST",1,2040,3.2420596558284e-05
"FL","PWRDIST",1,2041,3.2556879871956e-05
"FL","PWRDIST",1,2042,3.2694506672553e-05
"FL","PWRDIST",1,2043,5.4568678193577e-05
"FL","PWRDIST",1,2044,5.5168780304506e-05
"FL","PWRDIST",1,2045,0.000215487564033027
"FL","PWRDIST",1,2046,0.000205960021276432
"FL","PWRDIST",1,2047,0.000208582606142299
"FL","PWRDIST",1,2048,0.000205115403810486
"FL","PWRDIST",1,2049,0.000197203161143504
"FL","PWRDIST",1,2050,0.000196345701564163
"FL","PWRSOLDIST",1,2019,3.6e-06
"FL","PWRSOLDIST",1,2020,3.57961527622931e-05
"FL","PWRSOLDIST",1,2021,3.11000000000004e-05
"FL","PWRSOLDIST",1,2022,3.57961527622931e-05
"FL","PWRSOLDIST",1,2023,3.57961527622931e-05
"FL","PWRSOLDIST",1,2024,1.92624562035673e-05
"FL","PWRSOLDIST",1,2025,8.29765795157355e-06
"FL","PWRSOLDIST",1,2026,8.29765795157355e-06
"FL","PWRSOLDIST",1,2027,8.29765795157355e-06
"FL","PWRSOLDIST",1,2028,3.07922447657433e-05
"FL","PWRSOLDIST",1,2029,3.57961527622931e-05
"FL","PWRSOLDIST",1,2030,0.000100826946850437
"FL","PWRSOLDIST",1,2031,0.000100880066875553
"FL","PWRSOLDIST",1,2032,0.000100880066875553
"FL","PWRSOLDIST",1,2033,8.51881206595755e-05
"FL","PWRSOLDIST",1,2034,0.000100880066875553
"FL","PWRSOLDIST",1,2035,0.000100880066875553
"FL","PWRSOLDIST",1,2036,8.97662323220159e-05
"FL","PWRSOLDIST",1,2037,9.75898485733893e-05
"FL","PWRSOLDIST",1,2038,0.000100880066875553
"FL","PWRSOLDIST",1,2039,0.000100880066875553
"FL","PWRSOLDIST",1,2040,0.000165963980988813
"FL","PWRSOLDIST",1,2041,0.000165963980988813
"FL","PWRSOLDIST",1,2042,0.000165963980988813
"FL","PWRSOLDIST",1,2043,0.000134864006989655
"FL","PWRSOLDIST",1,2044,0.000131738225935946
"FL","PWRSOLDIST",1,2045,0.000145265476864134
"FL","PWRSOLDIST",1,2046,0.000153068942613412
"FL","PWRSOLDIST",1,2047,0.000140830443139464
"FL","PWRSOLDIST",1,2048,0.000121877370743218
"FL","PWRSOLDIST",1,2049,0.000128735377813782
"FL","PWRSOLDIST",1,2050,9.02883805425211e-05
"FL","IMPLPG",1,2019,4.8e-07
"FL","IMPLPG",1,2020,4.5e-07
"FL","IMPLPG",1,2021,4.6e-07
"FL","IMPLPG",1,2022,5.1e-07
"FL","IMPLPG",1,2023,5.2e-07
"FL","IMPLPG",1,2024,5.4e-07
"FL","IMPLPG",1,2025,5.5e-07
"FL","IMPLPG",1,2026,5.6e-07
"FL","IMPLPG",1,2027,5.6e-07
"FL","IMPLPG",1,2028,5.7e-07
"FL","IMPLPG",1,2029,5.8e-07
"FL","IMPLPG",1,2030,5.9e-07
"FL","IMPLPG",1,2031,5.9e-07
"FL","IMPLPG",1,2032,6e-07
"FL","IMPLPG",1,2033,6e-07
"FL","IMPLPG",1,2034,6.1e-07
"FL","IMPLPG",1,2035,6.1e-07
"FL","IMPLPG",1,2036,6.2e-07
"FL","IMPLPG",1,2037,6.3e-07
"FL","IMPLPG",1,2038,6.3e-07
"FL","IMPLPG",1,2039,6.4e-07
"FL","IMPLPG",1,2040,6.4e-07
"FL","IMPLPG",1,2041,6.5e-07
"FL","IMPLPG",1,2042,6.5e-07
"FL","IMPLPG",1,2043,6.6e-07
"FL","IMPLPG",1,2044,6.6e-07
"FL","IMPLPG",1,2045,6.7e-07
"FL","IMPLPG",1,2046,6.8e-07
"FL","IMPLPG",1,2047,6.8e-07
"FL","IMPLPG",1,2048,6.9e-07
"FL","IMPLPG",1,2049,6.9e-07
"FL","IMPLPG",1,2050,7e-07
"FL","CONLPG",1,2019,4.8e-07
"FL","CONLPG",1,2020,4.5e-07
"FL","CONLPG",1,2021,4.6e-07
"FL","CONLPG",1,2022,5.1e-07
"FL","CONLPG",1,2023,5.2e-07
"FL","CONLPG",1,2024,5.4e-07
"FL","CONLPG",1,2025,5.5e-07
"FL","CONLPG",1,2026,5.6e-07
"FL","CONLPG",1,2027,5.6e-07
"FL","CONLPG",1,2028,5.7e-07
"FL","CONLPG",1,2029,5.8e-07
"FL","CONLPG",1,2030,5.9e-07
"FL","CONLPG",1,2031,5.9e-07
"FL","CONLPG",1,2032,6e-07
"FL","CONLPG",1,2033,6e-07
"FL","CONLPG",1,2034,6.1e-07
"FL","CONLPG",1,2035,6.1e-07
"FL","CONLPG",1,2036,6.2e-07
"FL","CONLPG",1,2037,6.3e-07
"FL","CONLPG",1,2038,6.3e-07
"FL","CONLPG",1,2039,6.4e-07
"FL","CONLPG",1,2040,6.4e-07
"FL","CONLPG",1,2041,6.5e-07
"FL","CONLPG",1,2042,6.5e-07
"FL","CONLPG",1,2043,6.6e-07
"FL","CONLPG",1,2044,6.6e-07
"FL","CONLPG",1,2045,6.7e-07
"FL","CONLPG",1,2046,6.8e-07
"FL","CONLPG",1,2047,6.8e-07
"FL","CONLPG",1,2048,6.9e-07
"FL","CONLPG",1,2049,6.9e-07
"FL","CONLPG",1,2050,7e-07
