REGION,TECHNOLOGY,FUEL,YEAR,VALUE
"SC","MINSOL","SOL",2019,0.00311451304492869
"SC","MINSOL","SOL",2020,0.00394743631816645
"SC","MINSOL","SOL",2021,0.00881252771520769
"SC","MINSOL","SOL",2022,0.0170524654336042
"SC","MINSOL","SOL",2023,0.0102951535816105
"SC","MINSOL","SOL",2024,0.0107509975475575
"SC","MINSOL","SOL",2025,0.0153507816948471
"SC","MINSOL","SOL",2026,0.0173119499920072
"SC","MINSOL","SOL",2027,0.0170125120560265
"SC","MINSOL","SOL",2028,0.0180290114093408
"SC","MINSOL","SOL",2029,0.0247472966457189
"SC","MINSOL","SOL",2030,0.0303664684625234
"SC","MINSOL","SOL",2031,0.0251091617063844
"SC","MINSOL","SOL",2032,0.0290958341763766
"SC","MINSOL","SOL",2033,0.0373375044929199
"SC","MINSOL","SOL",2034,0.0408232369878737
"SC","MINSOL","SOL",2035,0.0289666332758724
"SC","MINSOL","SOL",2036,0.0323899502372279
"SC","MINSOL","SOL",2037,0.0369019907447477
"SC","MINSOL","SOL",2038,0.0380024139023717
"SC","MINSOL","SOL",2039,0.0397443733951249
"SC","MINSOL","SOL",2040,0.0368500785469702
"SC","MINSOL","SOL",2041,0.0391776134547657
"SC","MINSOL","SOL",2042,0.0388754974944959
"SC","MINSOL","SOL",2043,0.0424895476392189
"SC","MINSOL","SOL",2044,0.0520309101882952
"SC","MINSOL","SOL",2045,0.0509732188863543
"SC","MINSOL","SOL",2046,0.0813656943869793
"SC","MINSOL","SOL",2047,0.0829737537302974
"SC","MINSOL","SOL",2048,0.0845605004673315
"SC","MINSOL","SOL",2049,0.0863751745269209
"SC","MINSOL","SOL",2050,0.0763893761353775
"SC","MINWND","WND",2019,0.0120107173821221
"SC","MINWND","WND",2020,0.0169454246489519
"SC","MINWND","WND",2021,0.0132903002425545
"SC","MINWND","WND",2022,0.0186011951074627
"SC","MINWND","WND",2023,0.0274596632142525
"SC","MINWND","WND",2024,0.0233881957022797
"SC","MINWND","WND",2025,0.0344792777780782
"SC","MINWND","WND",2026,0.022725973957978
"SC","MINWND","WND",2027,0.0234507932149074
"SC","MINWND","WND",2028,0.0306702519210406
"SC","MINWND","WND",2029,0.0304161331790473
"SC","MINWND","WND",2030,0.0492516976047398
"SC","MINWND","WND",2031,0.0499883011156355
"SC","MINWND","WND",2032,0.051469101514633
"SC","MINWND","WND",2033,0.051855482658077
"SC","MINWND","WND",2034,0.0470478264432387
"SC","MINWND","WND",2035,0.0450810745816166
"SC","MINWND","WND",2036,0.0440369831661002
"SC","MINWND","WND",2037,0.0592515994008632
"SC","MINWND","WND",2038,0.0595229908303557
"SC","MINWND","WND",2039,0.0591842150110149
"SC","MINWND","WND",2040,0.0609408000818856
"SC","MINWND","WND",2041,0.0657798858440643
"SC","MINWND","WND",2042,0.0591181217286999
"SC","MINWND","WND",2043,0.0608710288241009
"SC","MINWND","WND",2044,0.0406970923628769
"SC","MINWND","WND",2045,0.0414057924613817
"SC","IMPDSL","DSL",2019,0.165
"SC","IMPDSL","DSL",2020,0.132
"SC","IMPDSL","DSL",2021,0.132
"SC","IMPDSL","DSL",2022,0.1444483557
"SC","IMPDSL","DSL",2023,0.165
"SC","IMPDSL","DSL",2024,0.1691401239
"SC","IMPDSL","DSL",2025,0.1485
"SC","IMPDSL","DSL",2026,0.1485
"SC","IMPDSL","DSL",2027,0.1485
"SC","IMPDSL","DSL",2028,0.1485
"SC","IMPDSL","DSL",2029,0.1485
"SC","IMPDSL","DSL",2030,0.066
"SC","IMPDSL","DSL",2031,0.066
"SC","IMPDSL","DSL",2032,0.066
"SC","IMPDSL","DSL",2033,0.0659999999999999
"SC","IMPDSL","DSL",2034,0.0659999999999999
"SC","IMPDSL","DSL",2035,0.0660000000000001
"SC","IMPDSL","DSL",2036,0.0659999999999999
"SC","MINWAVE","WAVE",2030,0.0002
"SC","MINWAVE","WAVE",2031,0.0002
"SC","MINWAVE","WAVE",2032,0.0002
"SC","MINWAVE","WAVE",2033,0.0002
"SC","MINWAVE","WAVE",2034,0.0002
"SC","MINWAVE","WAVE",2035,0.009
"SC","MINWAVE","WAVE",2036,0.0096162749933208
"SC","MINWAVE","WAVE",2037,0.0113894238644616
"SC","MINWAVE","WAVE",2038,0.0112770768608665
"SC","MINWAVE","WAVE",2039,0.0113189606122067
"SC","MINWAVE","WAVE",2040,0.0132877038662747
"SC","MINWAVE","WAVE",2041,0.0132989080022923
"SC","MINWAVE","WAVE",2042,0.0135859873585373
"SC","MINWAVE","WAVE",2043,0.015510304926306
"SC","MINWAVE","WAVE",2044,0.0236726962575263
"SC","MINWAVE","WAVE",2045,0.0234888721076216
"SC","MINWAVE","WAVE",2046,0.0378004962096159
"SC","MINWAVE","WAVE",2047,0.0385330512330576
"SC","MINWAVE","WAVE",2048,0.0375245562007858
"SC","MINWAVE","WAVE",2049,0.038050156217605
"SC","MINWAVE","WAVE",2050,0.0454453484542511
"SC","PWRWEC","ELC001",2030,0.0002
"SC","PWRWEC","ELC001",2031,0.0002
"SC","PWRWEC","ELC001",2032,0.0002
"SC","PWRWEC","ELC001",2033,0.0002
"SC","PWRWEC","ELC001",2034,0.0002
"SC","PWRWEC","ELC001",2035,0.009
"SC","PWRWEC","ELC001",2036,0.009
"SC","PWRWEC","ELC001",2037,0.0105448503374352
"SC","PWRWEC","ELC001",2038,0.0105448503374352
"SC","PWRWEC","ELC001",2039,0.0105448503374352
"SC","PWRWEC","ELC001",2040,0.013
"SC","PWRWEC","ELC001",2041,0.013
"SC","PWRWEC","ELC001",2042,0.0133141782300768
"SC","PWRWEC","ELC001",2043,0.0142265252300768
"SC","PWRWEC","ELC001",2044,0.0210897006748704
"SC","PWRWEC","ELC001",2045,0.0224775116748703
"SC","PWRWEC","ELC001",2046,0.035149501124784
"SC","PWRWEC","ELC001",2047,0.035149501124784
"SC","PWRWEC","ELC001",2048,0.035149501124784
"SC","PWRWEC","ELC001",2049,0.035149501124784
"SC","PWRWEC","ELC001",2050,0.0421794013497408
"SC","PWRWEC","DELC",2030,0.0002
"SC","PWRWEC","DELC",2031,0.0002
"SC","PWRWEC","DELC",2032,0.0002
"SC","PWRWEC","DELC",2033,0.0002
"SC","PWRWEC","DELC",2034,0.0002
"SC","PWRWEC","DELC",2035,0.009
"SC","PWRWEC","DELC",2036,0.009
"SC","PWRWEC","DELC",2037,0.0105448503374352
"SC","PWRWEC","DELC",2038,0.0105448503374352
"SC","PWRWEC","DELC",2039,0.0105448503374352
"SC","PWRWEC","DELC",2040,0.013
"SC","PWRWEC","DELC",2041,0.013
"SC","PWRWEC","DELC",2042,0.0133141782300768
"SC","PWRWEC","DELC",2043,0.0142265252300768
"SC","PWRWEC","DELC",2044,0.0210897006748704
"SC","PWRWEC","DELC",2045,0.0224775116748703
"SC","PWRWEC","DELC",2046,0.035149501124784
"SC","PWRWEC","DELC",2047,0.035149501124784
"SC","PWRWEC","DELC",2048,0.035149501124784
"SC","PWRWEC","DELC",2049,0.035149501124784
"SC","PWRWEC","DELC",2050,0.0421794013497408
"SC","PWRDIE","ELC001",2019,0.0500000000000001
"SC","PWRDIE","ELC001",2020,0.0399999999999999
"SC","PWRDIE","ELC001",2021,0.04
"SC","PWRDIE","ELC001",2022,0.043772229
"SC","PWRDIE","ELC001",2023,0.0499999999999999
"SC","PWRDIE","ELC001",2024,0.0512545830000001
"SC","PWRDIE","ELC001",2025,0.045
"SC","PWRDIE","ELC001",2026,0.0449999999999999
"SC","PWRDIE","ELC001",2027,0.0450000000000001
"SC","PWRDIE","ELC001",2028,0.045
"SC","PWRDIE","ELC001",2029,0.045
"SC","PWRDIE","ELC001",2030,0.02
"SC","PWRDIE","ELC001",2031,0.02
"SC","PWRDIE","ELC001",2032,0.02
"SC","PWRDIE","ELC001",2033,0.02
"SC","PWRDIE","ELC001",2034,0.02
"SC","PWRDIE","ELC001",2035,0.02
"SC","PWRDIE","ELC001",2036,0.02
"SC","PWRDIE","DELC",2019,0.0500000000000001
"SC","PWRDIE","DELC",2020,0.0399999999999999
"SC","PWRDIE","DELC",2021,0.04
"SC","PWRDIE","DELC",2022,0.043772229
"SC","PWRDIE","DELC",2023,0.0499999999999999
"SC","PWRDIE","DELC",2024,0.0512545830000001
"SC","PWRDIE","DELC",2025,0.045
"SC","PWRDIE","DELC",2026,0.0449999999999999
"SC","PWRDIE","DELC",2027,0.0450000000000001
"SC","PWRDIE","DELC",2028,0.045
"SC","PWRDIE","DELC",2029,0.045
"SC","PWRDIE","DELC",2030,0.02
"SC","PWRDIE","DELC",2031,0.02
"SC","PWRDIE","DELC",2032,0.02
"SC","PWRDIE","DELC",2033,0.02
"SC","PWRDIE","DELC",2034,0.02
"SC","PWRDIE","DELC",2035,0.02
"SC","PWRDIE","DELC",2036,0.02
"SC","PWRWND","ELC001",2019,0.008249
"SC","PWRWND","ELC001",2020,0.007759
"SC","PWRWND","ELC001",2021,0.005322
"SC","PWRWND","ELC001",2022,0.009749
"SC","PWRWND","ELC001",2023,0.0102396245051395
"SC","PWRWND","ELC001",2024,0.011796
"SC","PWRWND","ELC001",2025,0.015417529752106
"SC","PWRWND","ELC001",2026,0.016892748515406
"SC","PWRWND","ELC001",2027,0.0204383564159173
"SC","PWRWND","ELC001",2028,0.02338547570656
"SC","PWRWND","ELC001",2029,0.0263215785429708
"SC","PWRWND","ELC001",2030,0.0432324589573975
"SC","PWRWND","ELC001",2031,0.0463467450770193
"SC","PWRWND","ELC001",2032,0.0459743840968911
"SC","PWRWND","ELC001",2033,0.0425753303426442
"SC","PWRWND","ELC001",2034,0.0424849288570161
"SC","PWRWND","ELC001",2035,0.0406243226543834
"SC","PWRWND","ELC001",2036,0.0367479564169513
"SC","PWRWND","ELC001",2037,0.051905971479695
"SC","PWRWND","ELC001",2038,0.051905971479695
"SC","PWRWND","ELC001",2039,0.051905971479695
"SC","PWRWND","ELC001",2040,0.0518410071205162
"SC","PWRWND","ELC001",2041,0.0516328672458917
"SC","PWRWND","ELC001",2042,0.051905971479695
"SC","PWRWND","ELC001",2043,0.051905971479695
"SC","PWRWND","ELC001",2044,0.0363341800357865
"SC","PWRWND","ELC001",2045,0.0363341800357865
"SC","PWRWND","DELC",2019,0.008249
"SC","PWRWND","DELC",2020,0.007759
"SC","PWRWND","DELC",2021,0.005322
"SC","PWRWND","DELC",2022,0.009749
"SC","PWRWND","DELC",2023,0.0102396245051395
"SC","PWRWND","DELC",2024,0.011796
"SC","PWRWND","DELC",2025,0.015417529752106
"SC","PWRWND","DELC",2026,0.016892748515406
"SC","PWRWND","DELC",2027,0.0204383564159173
"SC","PWRWND","DELC",2028,0.02338547570656
"SC","PWRWND","DELC",2029,0.0263215785429708
"SC","PWRWND","DELC",2030,0.0432324589573975
"SC","PWRWND","DELC",2031,0.0463467450770193
"SC","PWRWND","DELC",2032,0.0459743840968911
"SC","PWRWND","DELC",2033,0.0425753303426442
"SC","PWRWND","DELC",2034,0.0424849288570161
"SC","PWRWND","DELC",2035,0.0406243226543834
"SC","PWRWND","DELC",2036,0.0367479564169513
"SC","PWRWND","DELC",2037,0.051905971479695
"SC","PWRWND","DELC",2038,0.051905971479695
"SC","PWRWND","DELC",2039,0.051905971479695
"SC","PWRWND","DELC",2040,0.0518410071205162
"SC","PWRWND","DELC",2041,0.0516328672458917
"SC","PWRWND","DELC",2042,0.051905971479695
"SC","PWRWND","DELC",2043,0.051905971479695
"SC","PWRWND","DELC",2044,0.0363341800357865
"SC","PWRWND","DELC",2045,0.0363341800357865
"SC","PWRSOL","ELC001",2019,5.7e-05
"SC","PWRSOL","ELC001",2020,8.1e-05
"SC","PWRSOL","ELC001",2021,0.000106
"SC","PWRSOL","ELC001",2022,0.00451
"SC","PWRSOL","ELC001",2023,5.7e-05
"SC","PWRSOL","ELC001",2024,6.3e-05
"SC","PWRSOL","ELC001",2025,0.00916599372706258
"SC","PWRSOL","ELC001",2026,0.00884785991616743
"SC","PWRSOL","ELC001",2027,0.00931685780968503
"SC","PWRSOL","ELC001",2028,0.0111051815476915
"SC","PWRSOL","ELC001",2029,0.00967383323643425
"SC","PWRSOL","ELC001",2030,0.0183672727317831
"SC","PWRSOL","ELC001",2031,0.0175839693576875
"SC","PWRSOL","ELC001",2032,0.0179518162549449
"SC","PWRSOL","ELC001",2033,0.0215106895442292
"SC","PWRSOL","ELC001",2034,0.0221973320960626
"SC","PWRSOL","ELC001",2035,0.0170123281932591
"SC","PWRSOL","ELC001",2036,0.0213224745307344
"SC","PWRSOL","ELC001",2037,0.0252319211828698
"SC","PWRSOL","ELC001",2038,0.0261439841828698
"SC","PWRSOL","ELC001",2039,0.0270593481828698
"SC","PWRSOL","ELC001",2040,0.0258096843865609
"SC","PWRSOL","ELC001",2041,0.0267491436130748
"SC","PWRSOL","ELC001",2042,0.0269779932902282
"SC","PWRSOL","ELC001",2043,0.0269779932902282
"SC","PWRSOL","ELC001",2044,0.0370744202893431
"SC","PWRSOL","ELC001",2045,0.0370744202893431
"SC","PWRSOL","ELC001",2046,0.0621244228752159
"SC","PWRSOL","ELC001",2047,0.063512233875216
"SC","PWRSOL","ELC001",2048,0.064900044875216
"SC","PWRSOL","ELC001",2049,0.0687387248752161
"SC","PWRSOL","ELC001",2050,0.0637018156502592
"SC","PWRSOL","DELC",2019,5.7e-05
"SC","PWRSOL","DELC",2020,8.1e-05
"SC","PWRSOL","DELC",2021,0.000106
"SC","PWRSOL","DELC",2022,0.00451
"SC","PWRSOL","DELC",2023,5.7e-05
"SC","PWRSOL","DELC",2024,6.3e-05
"SC","PWRSOL","DELC",2025,0.00916599372706258
"SC","PWRSOL","DELC",2026,0.00884785991616743
"SC","PWRSOL","DELC",2027,0.00931685780968503
"SC","PWRSOL","DELC",2028,0.0111051815476915
"SC","PWRSOL","DELC",2029,0.00967383323643425
"SC","PWRSOL","DELC",2030,0.0183672727317831
"SC","PWRSOL","DELC",2031,0.0175839693576875
"SC","PWRSOL","DELC",2032,0.0179518162549449
"SC","PWRSOL","DELC",2033,0.0215106895442292
"SC","PWRSOL","DELC",2034,0.0221973320960626
"SC","PWRSOL","DELC",2035,0.0170123281932591
"SC","PWRSOL","DELC",2036,0.0213224745307344
"SC","PWRSOL","DELC",2037,0.0252319211828698
"SC","PWRSOL","DELC",2038,0.0261439841828698
"SC","PWRSOL","DELC",2039,0.0270593481828698
"SC","PWRSOL","DELC",2040,0.0258096843865609
"SC","PWRSOL","DELC",2041,0.0267491436130748
"SC","PWRSOL","DELC",2042,0.0269779932902282
"SC","PWRSOL","DELC",2043,0.0269779932902282
"SC","PWRSOL","DELC",2044,0.0370744202893431
"SC","PWRSOL","DELC",2045,0.0370744202893431
"SC","PWRSOL","DELC",2046,0.0621244228752159
"SC","PWRSOL","DELC",2047,0.063512233875216
"SC","PWRSOL","DELC",2048,0.064900044875216
"SC","PWRSOL","DELC",2049,0.0687387248752161
"SC","PWRSOL","DELC",2050,0.0637018156502592
"SC","TXE","TX",2028,0.00143881076735845
"SC","TXE","TX",2029,0.00135585779611776
"SC","TXE","TX",2030,0.00330650571527141
"SC","TXE","TX",2031,0.00274854441957062
"SC","TXE","TX",2032,0.00317817552602942
"SC","TXE","TX",2033,0.00256965223280928
"SC","TXE","TX",2034,0.00267923022600727
"SC","TXE","TX",2035,0.00288689693742355
"SC","TXE","TX",2036,0.00671657768330475
"SC","TXE","TX",2037,0.00672209391373749
"SC","TXE","TX",2038,0.00656383593101664
"SC","TXE","TX",2039,0.00680943908903303
"SC","TXE","TX",2040,0.00529904017279788
"SC","TXE","TX",2041,0.00552071032888631
"SC","TXE","TX",2042,0.00456831233393257
"SC","TXE","TX",2043,0.00270206733402571
"SC","TXE","TX",2044,0.00189921541651344
"SC","TXE","TX",2045,0.00243619461015698
"SC","TXE","TX",2046,0.00180940574674856
"SC","TXE","TX",2047,0.00218391357993749
"SC","TXE","TX",2048,0.00224520614401572
"SC","TXE","TX",2049,0.00212274035434214
"SC","ELECNERA","TX",2025,0.00534385304275083
"SC","ELECNERA","TX",2026,0.00616211604929692
"SC","ELECNERA","TX",2027,0.00697229505577837
"SC","ELECNERA","TX",2028,0.00635172329496582
"SC","ELECNERA","TX",2029,0.00725350027275711
"SC","ELECNERA","TX",2030,0.00597512335898163
"SC","ELECNERA","TX",2031,0.00699984365841648
"SC","ELECNERA","TX",2032,0.00699314255534113
"SC","ELECNERA","TX",2033,0.00801268985184945
"SC","ELECNERA","TX",2034,0.00826644686155814
"SC","ELECNERA","TX",2035,0.00839176615280575
"SC","ELECNERA","TX",2036,0.00589264863169879
"SC","ELECNERA","TX",2037,0.00567663593712286
"SC","ELECNERA","TX",2038,0.00608395399992355
"SC","ELECNERA","TX",2039,0.00679464598427638
"SC","ELECNERA","TX",2040,0.00843458743448547
"SC","ELECNERA","TX",2041,0.0079613503221993
"SC","ELECNERA","TX",2042,0.00905068970356705
"SC","ELECNERA","TX",2043,0.0114969127362076
"SC","ELECNERA","TX",2044,0.0125456945731517
"SC","ELECNERA","TX",2045,0.0120458513666994
"SC","ELECNERA","TX",2046,0.0125890304064049
"SC","ELECNERA","TX",2047,0.0160978379009784
"SC","ELECNERA","TX",2048,0.0122380134924889
"SC","ELECNERA","TX",2049,0.0152684350602057
"SC","ELECNERA","TX",2050,0.0156110695390734
"SC","BAT","ELC001",2019,0.00643813954242494
"SC","BAT","ELC001",2020,0.00309683711644815
"SC","BAT","ELC001",2021,0.00558920558793617
"SC","BAT","ELC001",2022,0.0023282256897
"SC","BAT","ELC001",2023,0.00439005123452622
"SC","BAT","ELC001",2024,0.0048391483477925
"SC","BAT","ELC001",2025,0.0033409366706601
"SC","BAT","ELC001",2026,0.00362050098454061
"SC","BAT","ELC001",2027,0.00405736411311579
"SC","BAT","ELC001",2028,0.00478651041506799
"SC","BAT","ELC001",2029,0.00521302486516567
"SC","BAT","ELC001",2030,0.00722017013186087
"SC","BAT","ELC001",2031,0.00725586646262632
"SC","BAT","ELC001",2032,0.00741491336913622
"SC","BAT","ELC001",2033,0.011306761095018
"SC","BAT","ELC001",2034,0.0154363500382285
"SC","BAT","ELC001",2035,0.0126928371070806
"SC","BAT","ELC001",2036,0.0356517370247983
"SC","BAT","ELC001",2037,0.0376854273439169
"SC","BAT","ELC001",2038,0.028515341756132
"SC","BAT","ELC001",2039,0.034000313106041
"SC","BAT","ELC001",2040,0.0267434748391441
"SC","BAT","ELC001",2041,0.0267555268286664
"SC","BAT","ELC001",2042,0.0214679896973267
"SC","BAT","ELC001",2043,0.0249403618695304
"SC","BAT","ELC001",2044,0.024314638071087
"SC","BAT","ELC001",2045,0.0211391774615165
"SC","BAT","ELC001",2046,0.0304479010925683
"SC","BAT","ELC001",2047,0.0428318050699753
"SC","BAT","ELC001",2048,0.0395126705517436
"SC","BAT","ELC001",2049,0.0396024877676319
"SC","BAT","ELC001",2050,0.0229798038603579
"SC","DEMRESELC","RESELC",2019,0.0202685390608056
"SC","DEMRESELC","RESELC",2020,0.0207162510621487
"SC","DEMRESELC","RESELC",2021,0.0211768370635305
"SC","DEMRESELC","RESELC",2022,0.0216508020649524
"SC","DEMRESELC","RESELC",2023,0.0219889720659669
"SC","DEMRESELC","RESELC",2024,0.0228514760685544
"SC","DEMRESELC","RESELC",2025,0.0237358680712076
"SC","DEMRESELC","RESELC",2026,0.0243628530730885
"SC","DEMRESELC","RESELC",2027,0.0249916310749749
"SC","DEMRESELC","RESELC",2028,0.0256222150768666
"SC","DEMRESELC","RESELC",2029,0.0262546200787638
"SC","DEMRESELC","RESELC",2030,0.0268888580806666
"SC","DEMRESELC","RESELC",2031,0.0271955490815866
"SC","DEMRESELC","RESELC",2032,0.0275058760825176
"SC","DEMRESELC","RESELC",2033,0.0278198830834596
"SC","DEMRESELC","RESELC",2034,0.0281376170844128
"SC","DEMRESELC","RESELC",2035,0.0284591240853774
"SC","DEMRESELC","RESELC",2036,0.0287844490863533
"SC","DEMRESELC","RESELC",2037,0.0291136400873409
"SC","DEMRESELC","RESELC",2038,0.0294467460883402
"SC","DEMRESELC","RESELC",2039,0.0297838150893515
"SC","DEMRESELC","RESELC",2040,0.0301248950903747
"SC","DEMRESELC","RESELC",2041,0.0304700370914101
"SC","DEMRESELC","RESELC",2042,0.0308192910924579
"SC","DEMRESELC","RESELC",2043,0.0311727080935181
"SC","DEMRESELC","RESELC",2044,0.0315942600947828
"SC","DEMRESELC","RESELC",2045,0.0320158120960474
"SC","DEMRESELC","RESELC",2046,0.0324373630973121
"SC","DEMRESELC","RESELC",2047,0.0328589150985767
"SC","DEMRESELC","RESELC",2048,0.0332804670998414
"SC","DEMRESELC","RESELC",2049,0.033702019101106
"SC","DEMRESELC","RESELC",2050,0.0341235711023707
"SC","DEMCOMELC","COMELC",2019,0.0396696521190089
"SC","DEMCOMELC","COMELC",2020,0.0295570780886712
"SC","DEMCOMELC","COMELC",2021,0.0309961890929886
"SC","DEMCOMELC","COMELC",2022,0.041197340123592
"SC","DEMCOMELC","COMELC",2023,0.0420447141261341
"SC","DEMCOMELC","COMELC",2024,0.0435138021305414
"SC","DEMCOMELC","COMELC",2025,0.0449848921349547
"SC","DEMCOMELC","COMELC",2026,0.0464292251392877
"SC","DEMCOMELC","COMELC",2027,0.0478735581436207
"SC","DEMCOMELC","COMELC",2028,0.0493178921479537
"SC","DEMCOMELC","COMELC",2029,0.0507622251522867
"SC","DEMCOMELC","COMELC",2030,0.0522065581566197
"SC","DEMCOMELC","COMELC",2031,0.0525242611575728
"SC","DEMCOMELC","COMELC",2032,0.0528451401585354
"SC","DEMCOMELC","COMELC",2033,0.0531692281595077
"SC","DEMCOMELC","COMELC",2034,0.0534965571604897
"SC","DEMCOMELC","COMELC",2035,0.0538271591614815
"SC","DEMCOMELC","COMELC",2036,0.0541610671624832
"SC","DEMCOMELC","COMELC",2037,0.054498315163495
"SC","DEMCOMELC","COMELC",2038,0.0548389341645168
"SC","DEMCOMELC","COMELC",2039,0.0551829601655489
"SC","DEMCOMELC","COMELC",2040,0.0555304271665913
"SC","DEMCOMELC","COMELC",2041,0.0558813671676441
"SC","DEMCOMELC","COMELC",2042,0.0562358181687075
"SC","DEMCOMELC","COMELC",2043,0.0565938131697815
"SC","DEMCOMELC","COMELC",2044,0.0573591371720774
"SC","DEMCOMELC","COMELC",2045,0.0581244611743734
"SC","DEMCOMELC","COMELC",2046,0.0588897851766693
"SC","DEMCOMELC","COMELC",2047,0.0596551091789653
"SC","DEMCOMELC","COMELC",2048,0.0604204331812613
"SC","DEMCOMELC","COMELC",2049,0.0611857571835573
"SC","DEMCOMELC","COMELC",2050,0.0619510811858532
"SC","PWRSOLDIST","ELC001",2019,0.00245086900000009
"SC","PWRSOLDIST","ELC001",2020,0.00305604800000001
"SC","PWRSOLDIST","ELC001",2021,0.00779412400000003
"SC","PWRSOLDIST","ELC001",2022,0.00779412400000003
"SC","PWRSOLDIST","ELC001",2023,0.00748477949486062
"SC","PWRSOLDIST","ELC001",2024,0.00779412400000003
"SC","PWRSOLDIST","ELC001",2025,0.00448108952083139
"SC","PWRSOLDIST","ELC001",2026,0.00621358556842654
"SC","PWRSOLDIST","ELC001",2027,0.0050822707743979
"SC","PWRSOLDIST","ELC001",2028,0.00323998374574851
"SC","PWRSOLDIST","ELC001",2029,0.00463079122059492
"SC","PWRSOLDIST","ELC001",2030,0.0065773133108197
"SC","PWRSOLDIST","ELC001",2031,0.00533748256529327
"SC","PWRSOLDIST","ELC001",2032,0.00639613364816392
"SC","PWRSOLDIST","ELC001",2033,0.00728543311312691
"SC","PWRSOLDIST","ELC001",2034,0.00769759004692137
"SC","PWRSOLDIST","ELC001",2035,0.00692829515235744
"SC","PWRSOLDIST","ELC001",2036,0.00745657305231469
"SC","PWRSOLDIST","ELC001",2037,0.00779412400000003
"SC","PWRSOLDIST","ELC001",2038,0.00779412400000003
"SC","PWRSOLDIST","ELC001",2039,0.00779412400000003
"SC","PWRSOLDIST","ELC001",2040,0.00753991749292296
"SC","PWRSOLDIST","ELC001",2041,0.00770561614103375
"SC","PWRSOLDIST","ELC001",2042,0.00779412400000003
"SC","PWRSOLDIST","ELC001",2043,0.00779412400000003
"SC","PWRSOLDIST","ELC001",2044,0.00779412400000003
"SC","PWRSOLDIST","ELC001",2045,0.00779412400000003
"SC","PWRSOLDIST","ELC001",2046,0.00779412400000003
"SC","PWRSOLDIST","ELC001",2047,0.00779412400000003
"SC","PWRSOLDIST","ELC001",2048,0.00779412400000003
"SC","PWRSOLDIST","ELC001",2049,0.00534325499999994
"SC","PWRSOLDIST","ELC001",2050,0.00473807600000002
"SC","PWRSOLDIST","DELC",2019,0.00245086900000009
"SC","PWRSOLDIST","DELC",2020,0.00305604800000001
"SC","PWRSOLDIST","DELC",2021,0.00779412400000003
"SC","PWRSOLDIST","DELC",2022,0.00779412400000003
"SC","PWRSOLDIST","DELC",2023,0.00748477949486062
"SC","PWRSOLDIST","DELC",2024,0.00779412400000003
"SC","PWRSOLDIST","DELC",2025,0.00448108952083139
"SC","PWRSOLDIST","DELC",2026,0.00621358556842654
"SC","PWRSOLDIST","DELC",2027,0.0050822707743979
"SC","PWRSOLDIST","DELC",2028,0.00323998374574851
"SC","PWRSOLDIST","DELC",2029,0.00463079122059492
"SC","PWRSOLDIST","DELC",2030,0.0065773133108197
"SC","PWRSOLDIST","DELC",2031,0.00533748256529327
"SC","PWRSOLDIST","DELC",2032,0.00639613364816392
"SC","PWRSOLDIST","DELC",2033,0.00728543311312691
"SC","PWRSOLDIST","DELC",2034,0.00769759004692137
"SC","PWRSOLDIST","DELC",2035,0.00692829515235744
"SC","PWRSOLDIST","DELC",2036,0.00745657305231469
"SC","PWRSOLDIST","DELC",2037,0.00779412400000003
"SC","PWRSOLDIST","DELC",2038,0.00779412400000003
"SC","PWRSOLDIST","DELC",2039,0.00779412400000003
"SC","PWRSOLDIST","DELC",2040,0.00753991749292296
"SC","PWRSOLDIST","DELC",2041,0.00770561614103375
"SC","PWRSOLDIST","DELC",2042,0.00779412400000003
"SC","PWRSOLDIST","DELC",2043,0.00779412400000003
"SC","PWRSOLDIST","DELC",2044,0.00779412400000003
"SC","PWRSOLDIST","DELC",2045,0.00779412400000003
"SC","PWRSOLDIST","DELC",2046,0.00779412400000003
"SC","PWRSOLDIST","DELC",2047,0.00779412400000003
"SC","PWRSOLDIST","DELC",2048,0.00779412400000003
"SC","PWRSOLDIST","DELC",2049,0.00534325499999994
"SC","PWRSOLDIST","DELC",2050,0.00473807600000002
"STC","MINSOL","SOL",2019,0.0190957611773348
"STC","MINSOL","SOL",2020,0.0154468487975989
"STC","MINSOL","SOL",2021,0.010589616892326
"STC","MINSOL","SOL",2022,0.0255581388360065
"STC","MINSOL","SOL",2023,0.0301321498268146
"STC","MINSOL","SOL",2024,0.0745878862324659
"STC","MINSOL","SOL",2025,0.0343639012830638
"STC","MINSOL","SOL",2026,0.051970526826314
"STC","MINSOL","SOL",2027,0.0614462636958304
"STC","MINSOL","SOL",2028,0.0640615402961554
"STC","MINSOL","SOL",2029,0.0744783412293019
"STC","MINSOL","SOL",2030,0.127695655274706
"STC","MINSOL","SOL",2031,0.118263256447573
"STC","MINSOL","SOL",2032,0.110112864971166
"STC","MINSOL","SOL",2033,0.126859348108399
"STC","MINSOL","SOL",2034,0.122826607724277
"STC","MINSOL","SOL",2035,0.110436013737321
"STC","MINSOL","SOL",2036,0.118547731417652
"STC","MINSOL","SOL",2037,0.112999924791972
"STC","MINSOL","SOL",2038,0.119428237318188
"STC","MINSOL","SOL",2039,0.136980342283208
"STC","MINSOL","SOL",2040,0.109594772124733
"STC","MINSOL","SOL",2041,0.14455631410615
"STC","MINSOL","SOL",2042,0.139851532290256
"STC","MINSOL","SOL",2043,0.137230266818517
"STC","MINSOL","SOL",2044,0.137087969643227
"STC","MINSOL","SOL",2045,0.130846496133277
"STC","MINSOL","SOL",2046,0.164720573041434
"STC","MINSOL","SOL",2047,0.162918808639249
"STC","MINSOL","SOL",2048,0.122302050034222
"STC","MINSOL","SOL",2049,0.21904084456738
"STC","MINSOL","SOL",2050,0.229591680583198
"STC","MINWND","WND",2019,0.0159166172873218
"STC","MINWND","WND",2020,0.0150005950998348
"STC","MINWND","WND",2021,0.00678127255147893
"STC","MINWND","WND",2023,0.012893396550517
"STC","MINWND","WND",2024,0.0360963026873965
"STC","MINWND","WND",2025,0.0517321466054942
"STC","MINWND","WND",2026,0.0396170814396323
"STC","MINWND","WND",2027,0.0608466321557426
"STC","MINWND","WND",2028,0.073995325757085
"STC","MINWND","WND",2029,0.0518570614056424
"STC","MINWND","WND",2030,0.0698565489329559
"STC","MINWND","WND",2031,0.0710094621793939
"STC","MINWND","WND",2032,0.0711424883816412
"STC","MINWND","WND",2033,0.0776321478205038
"STC","MINWND","WND",2034,0.0790177621864647
"STC","MINWND","WND",2035,0.0666974110432132
"STC","MINWND","WND",2036,0.0700177860400005
"STC","MINWND","WND",2037,0.10001015478243
"STC","MINWND","WND",2038,0.0639258919337176
"STC","MINWND","WND",2039,0.0717648739462692
"STC","MINWND","WND",2040,0.051816654627688
"STC","MINWND","WND",2041,0.0578327400324956
"STC","MINWND","WND",2042,0.0632509779282938
"STC","MINWND","WND",2043,0.0499083940854951
"STC","MINWND","WND",2044,0.049097380671242
"STC","MINWND","WND",2045,0.0503174131106195
"STC","MINWND","WND",2046,0.0603178817449204
"STC","MINWND","WND",2047,0.0603865713825099
"STC","MINWND","WND",2048,0.0500748098165538
"STC","IMPDSL","DSL",2019,0.322607999999999
"STC","IMPDSL","DSL",2020,0.2530176
"STC","IMPDSL","DSL",2021,0.3093948
"STC","IMPDSL","DSL",2022,0.373016680316938
"STC","IMPDSL","DSL",2023,0.3518953581
"STC","IMPDSL","DSL",2024,0.297
"STC","IMPDSL","DSL",2025,0.3069
"STC","IMPDSL","DSL",2026,0.3069
"STC","IMPDSL","DSL",2027,0.3069
"STC","IMPDSL","DSL",2028,0.3069
"STC","IMPDSL","DSL",2029,0.3069
"STC","IMPDSL","DSL",2030,0.099
"STC","IMPDSL","DSL",2031,0.0989999999999999
"STC","IMPDSL","DSL",2032,0.099
"STC","IMPDSL","DSL",2033,0.0989999999999999
"STC","IMPDSL","DSL",2034,0.0989999999999999
"STC","IMPDSL","DSL",2035,0.0990000000000001
"STC","IMPDSL","DSL",2036,0.0825
"STC","IMPDSL","DSL",2037,0.0824999999999997
"STC","IMPDSL","DSL",2038,0.0825
"STC","IMPDSL","DSL",2039,0.0825000000000002
"STC","IMPDSL","DSL",2040,0.0825000000000001
"STC","MINWAVE","WAVE",2030,0.00033040531057297
"STC","MINWAVE","WAVE",2031,0.00033040531057297
"STC","MINWAVE","WAVE",2032,0.00033040531057297
"STC","MINWAVE","WAVE",2033,0.00033040531057297
"STC","MINWAVE","WAVE",2034,0.00033040531057297
"STC","MINWAVE","WAVE",2035,0.016
"STC","MINWAVE","WAVE",2036,0.0162835819662599
"STC","MINWAVE","WAVE",2037,0.0164264253322339
"STC","MINWAVE","WAVE",2038,0.0168898670010717
"STC","MINWAVE","WAVE",2039,0.0166969607353937
"STC","MINWAVE","WAVE",2040,0.0350748456423951
"STC","MINWAVE","WAVE",2041,0.0491527995728895
"STC","MINWAVE","WAVE",2042,0.04588093946819
"STC","MINWAVE","WAVE",2043,0.0468033674977077
"STC","MINWAVE","WAVE",2044,0.0489793515673392
"STC","MINWAVE","WAVE",2045,0.0513153753045305
"STC","MINWAVE","WAVE",2046,0.0547946097713406
"STC","MINWAVE","WAVE",2047,0.0517670643346583
"STC","MINWAVE","WAVE",2048,0.0709500892704028
"STC","MINWAVE","WAVE",2049,0.0733330283466569
"STC","MINWAVE","WAVE",2050,0.0734845375568385
"STC","PWRWEC","ELC001",2030,0.00033040531057297
"STC","PWRWEC","ELC001",2031,0.00033040531057297
"STC","PWRWEC","ELC001",2032,0.00033040531057297
"STC","PWRWEC","ELC001",2033,0.00033040531057297
"STC","PWRWEC","ELC001",2034,0.00033040531057297
"STC","PWRWEC","ELC001",2035,0.016
"STC","PWRWEC","ELC001",2036,0.016
"STC","PWRWEC","ELC001",2037,0.016
"STC","PWRWEC","ELC001",2038,0.016
"STC","PWRWEC","ELC001",2039,0.016
"STC","PWRWEC","ELC001",2040,0.032
"STC","PWRWEC","ELC001",2041,0.0421794013497408
"STC","PWRWEC","ELC001",2042,0.0421794013497408
"STC","PWRWEC","ELC001",2043,0.0421794013497408
"STC","PWRWEC","ELC001",2044,0.0421794013497408
"STC","PWRWEC","ELC001",2045,0.048
"STC","PWRWEC","ELC001",2046,0.048
"STC","PWRWEC","ELC001",2047,0.0506538493497404
"STC","PWRWEC","ELC001",2048,0.0632691020246112
"STC","PWRWEC","ELC001",2049,0.0632691020246112
"STC","PWRWEC","ELC001",2050,0.0639999999999999
"STC","PWRWEC","DELC",2030,0.00033040531057297
"STC","PWRWEC","DELC",2031,0.00033040531057297
"STC","PWRWEC","DELC",2032,0.00033040531057297
"STC","PWRWEC","DELC",2033,0.00033040531057297
"STC","PWRWEC","DELC",2034,0.00033040531057297
"STC","PWRWEC","DELC",2035,0.016
"STC","PWRWEC","DELC",2036,0.016
"STC","PWRWEC","DELC",2037,0.016
"STC","PWRWEC","DELC",2038,0.016
"STC","PWRWEC","DELC",2039,0.016
"STC","PWRWEC","DELC",2040,0.032
"STC","PWRWEC","DELC",2041,0.0421794013497408
"STC","PWRWEC","DELC",2042,0.0421794013497408
"STC","PWRWEC","DELC",2043,0.0421794013497408
"STC","PWRWEC","DELC",2044,0.0421794013497408
"STC","PWRWEC","DELC",2045,0.048
"STC","PWRWEC","DELC",2046,0.048
"STC","PWRWEC","DELC",2047,0.0506538493497404
"STC","PWRWEC","DELC",2048,0.0632691020246112
"STC","PWRWEC","DELC",2049,0.0632691020246112
"STC","PWRWEC","DELC",2050,0.0639999999999999
"STC","PWRDIE","ELC001",2019,0.0977599999999999
"STC","PWRDIE","ELC001",2020,0.0766720000000001
"STC","PWRDIE","ELC001",2021,0.0937560000000002
"STC","PWRDIE","ELC001",2022,0.113035357671799
"STC","PWRDIE","ELC001",2023,0.106634957
"STC","PWRDIE","ELC001",2024,0.0900000000000002
"STC","PWRDIE","ELC001",2025,0.093
"STC","PWRDIE","ELC001",2026,0.0929999999999999
"STC","PWRDIE","ELC001",2027,0.0929999999999999
"STC","PWRDIE","ELC001",2028,0.0929999999999999
"STC","PWRDIE","ELC001",2029,0.0929999999999999
"STC","PWRDIE","ELC001",2030,0.03
"STC","PWRDIE","ELC001",2031,0.03
"STC","PWRDIE","ELC001",2032,0.03
"STC","PWRDIE","ELC001",2033,0.03
"STC","PWRDIE","ELC001",2034,0.03
"STC","PWRDIE","ELC001",2035,0.0300000000000001
"STC","PWRDIE","ELC001",2036,0.0250000000000001
"STC","PWRDIE","ELC001",2037,0.0249999999999999
"STC","PWRDIE","ELC001",2038,0.0249999999999999
"STC","PWRDIE","ELC001",2039,0.025
"STC","PWRDIE","ELC001",2040,0.025
"STC","PWRDIE","DELC",2019,0.0977599999999999
"STC","PWRDIE","DELC",2020,0.0766720000000001
"STC","PWRDIE","DELC",2021,0.0937560000000002
"STC","PWRDIE","DELC",2022,0.113035357671799
"STC","PWRDIE","DELC",2023,0.106634957
"STC","PWRDIE","DELC",2024,0.0900000000000002
"STC","PWRDIE","DELC",2025,0.093
"STC","PWRDIE","DELC",2026,0.0929999999999999
"STC","PWRDIE","DELC",2027,0.0929999999999999
"STC","PWRDIE","DELC",2028,0.0929999999999999
"STC","PWRDIE","DELC",2029,0.0929999999999999
"STC","PWRDIE","DELC",2030,0.03
"STC","PWRDIE","DELC",2031,0.03
"STC","PWRDIE","DELC",2032,0.03
"STC","PWRDIE","DELC",2033,0.03
"STC","PWRDIE","DELC",2034,0.03
"STC","PWRDIE","DELC",2035,0.0300000000000001
"STC","PWRDIE","DELC",2036,0.0250000000000001
"STC","PWRDIE","DELC",2037,0.0249999999999999
"STC","PWRDIE","DELC",2038,0.0249999999999999
"STC","PWRDIE","DELC",2039,0.025
"STC","PWRDIE","DELC",2040,0.025
"STC","PWRWND","ELC001",2019,0.011717
"STC","PWRWND","ELC001",2020,0.0114457890088883
"STC","PWRWND","ELC001",2021,0.001703
"STC","PWRWND","ELC001",2023,0.00944186579086481
"STC","PWRWND","ELC001",2024,0.012888725
"STC","PWRWND","ELC001",2025,0.0234687808266743
"STC","PWRWND","ELC001",2026,0.0233878025922961
"STC","PWRWND","ELC001",2027,0.0176371744780258
"STC","PWRWND","ELC001",2028,0.0312268793225252
"STC","PWRWND","ELC001",2029,0.0308210286088492
"STC","PWRWND","ELC001",2030,0.0588240059020633
"STC","PWRWND","ELC001",2031,0.0588240059020633
"STC","PWRWND","ELC001",2032,0.0588240059020633
"STC","PWRWND","ELC001",2033,0.0588240059020633
"STC","PWRWND","ELC001",2034,0.0588240059020633
"STC","PWRWND","ELC001",2035,0.048273007796492
"STC","PWRWND","ELC001",2036,0.0587259836841876
"STC","PWRWND","ELC001",2037,0.0587451310054809
"STC","PWRWND","ELC001",2038,0.0569912095812558
"STC","PWRWND","ELC001",2039,0.0572705202126359
"STC","PWRWND","ELC001",2040,0.0437114647956293
"STC","PWRWND","ELC001",2041,0.0437837771202858
"STC","PWRWND","ELC001",2042,0.0437837771202858
"STC","PWRWND","ELC001",2043,0.0437837771202858
"STC","PWRWND","ELC001",2044,0.0437837771202858
"STC","PWRWND","ELC001",2045,0.0437616063980835
"STC","PWRWND","ELC001",2046,0.0436128104700261
"STC","PWRWND","ELC001",2047,0.0437837771202858
"STC","PWRWND","ELC001",2048,0.0437837771202858
"STC","PWRWND","DELC",2019,0.011717
"STC","PWRWND","DELC",2020,0.0114457890088883
"STC","PWRWND","DELC",2021,0.001703
"STC","PWRWND","DELC",2023,0.00944186579086481
"STC","PWRWND","DELC",2024,0.012888725
"STC","PWRWND","DELC",2025,0.0234687808266743
"STC","PWRWND","DELC",2026,0.0233878025922961
"STC","PWRWND","DELC",2027,0.0176371744780258
"STC","PWRWND","DELC",2028,0.0312268793225252
"STC","PWRWND","DELC",2029,0.0308210286088492
"STC","PWRWND","DELC",2030,0.0588240059020633
"STC","PWRWND","DELC",2031,0.0588240059020633
"STC","PWRWND","DELC",2032,0.0588240059020633
"STC","PWRWND","DELC",2033,0.0588240059020633
"STC","PWRWND","DELC",2034,0.0588240059020633
"STC","PWRWND","DELC",2035,0.048273007796492
"STC","PWRWND","DELC",2036,0.0587259836841876
"STC","PWRWND","DELC",2037,0.0587451310054809
"STC","PWRWND","DELC",2038,0.0569912095812558
"STC","PWRWND","DELC",2039,0.0572705202126359
"STC","PWRWND","DELC",2040,0.0437114647956293
"STC","PWRWND","DELC",2041,0.0437837771202858
"STC","PWRWND","DELC",2042,0.0437837771202858
"STC","PWRWND","DELC",2043,0.0437837771202858
"STC","PWRWND","DELC",2044,0.0437837771202858
"STC","PWRWND","DELC",2045,0.0437616063980835
"STC","PWRWND","DELC",2046,0.0436128104700261
"STC","PWRWND","DELC",2047,0.0437837771202858
"STC","PWRWND","DELC",2048,0.0437837771202858
"STC","PWRSOL","ELC001",2019,0.00783
"STC","PWRSOL","ELC001",2020,0.006297
"STC","PWRSOL","ELC001",2021,0.003567
"STC","PWRSOL","ELC001",2022,0.0063727
"STC","PWRSOL","ELC001",2023,0.007830394
"STC","PWRSOL","ELC001",2024,0.032996951905459
"STC","PWRSOL","ELC001",2025,0.0261822839687059
"STC","PWRSOL","ELC001",2026,0.0290445073942542
"STC","PWRSOL","ELC001",2027,0.0410750910518535
"STC","PWRSOL","ELC001",2028,0.0323801448292109
"STC","PWRSOL","ELC001",2029,0.0373174465788989
"STC","PWRSOL","ELC001",2030,0.0770361364591632
"STC","PWRSOL","ELC001",2031,0.0791810954591631
"STC","PWRSOL","ELC001",2032,0.081246069459163
"STC","PWRSOL","ELC001",2033,0.083303796459163
"STC","PWRSOL","ELC001",2034,0.0852611024591631
"STC","PWRSOL","ELC001",2035,0.0820595518753072
"STC","PWRSOL","ELC001",2036,0.0784602129876115
"STC","PWRSOL","ELC001",2037,0.0802765276663183
"STC","PWRSOL","ELC001",2038,0.0837797820905431
"STC","PWRSOL","ELC001",2039,0.0852611024591631
"STC","PWRSOL","ELC001",2040,0.0845097238761694
"STC","PWRSOL","ELC001",2041,0.101063047201773
"STC","PWRSOL","ELC001",2042,0.102882800201773
"STC","PWRSOL","ELC001",2043,0.104717437201773
"STC","PWRSOL","ELC001",2044,0.107542253201773
"STC","PWRSOL","ELC001",2045,0.104568641273715
"STC","PWRSOL","ELC001",2046,0.107542253201773
"STC","PWRSOL","ELC001",2047,0.107542253201773
"STC","PWRSOL","ELC001",2048,0.0977518165269022
"STC","PWRSOL","ELC001",2049,0.145852170975388
"STC","PWRSOL","ELC001",2050,0.145621655
"STC","PWRSOL","DELC",2019,0.00783
"STC","PWRSOL","DELC",2020,0.006297
"STC","PWRSOL","DELC",2021,0.003567
"STC","PWRSOL","DELC",2022,0.0063727
"STC","PWRSOL","DELC",2023,0.007830394
"STC","PWRSOL","DELC",2024,0.032996951905459
"STC","PWRSOL","DELC",2025,0.0261822839687059
"STC","PWRSOL","DELC",2026,0.0290445073942542
"STC","PWRSOL","DELC",2027,0.0410750910518535
"STC","PWRSOL","DELC",2028,0.0323801448292109
"STC","PWRSOL","DELC",2029,0.0373174465788989
"STC","PWRSOL","DELC",2030,0.0770361364591632
"STC","PWRSOL","DELC",2031,0.0791810954591631
"STC","PWRSOL","DELC",2032,0.081246069459163
"STC","PWRSOL","DELC",2033,0.083303796459163
"STC","PWRSOL","DELC",2034,0.0852611024591631
"STC","PWRSOL","DELC",2035,0.0820595518753072
"STC","PWRSOL","DELC",2036,0.0784602129876115
"STC","PWRSOL","DELC",2037,0.0802765276663183
"STC","PWRSOL","DELC",2038,0.0837797820905431
"STC","PWRSOL","DELC",2039,0.0852611024591631
"STC","PWRSOL","DELC",2040,0.0845097238761694
"STC","PWRSOL","DELC",2041,0.101063047201773
"STC","PWRSOL","DELC",2042,0.102882800201773
"STC","PWRSOL","DELC",2043,0.104717437201773
"STC","PWRSOL","DELC",2044,0.107542253201773
"STC","PWRSOL","DELC",2045,0.104568641273715
"STC","PWRSOL","DELC",2046,0.107542253201773
"STC","PWRSOL","DELC",2047,0.107542253201773
"STC","PWRSOL","DELC",2048,0.0977518165269022
"STC","PWRSOL","DELC",2049,0.145852170975388
"STC","PWRSOL","DELC",2050,0.145621655
"STC","TXE","TX",2025,0.00170420690117551
"STC","TXE","TX",2026,0.00195609479495704
"STC","TXE","TX",2027,0.000601909375984394
"STC","TXE","TX",2028,0.00308688313067974
"STC","TXE","TX",2029,0.00373490660636122
"STC","TXE","TX",2030,0.00298013277089996
"STC","TXE","TX",2031,0.0034509971821874
"STC","TXE","TX",2032,0.00580336391242614
"STC","TXE","TX",2033,0.00409616346128911
"STC","TXE","TX",2034,0.00358750418630941
"STC","TXE","TX",2035,0.0032210587170253
"STC","TXE","TX",2036,0.00961049417215231
"STC","TXE","TX",2037,0.0102734724228849
"STC","TXE","TX",2038,0.00513865965253856
"STC","TXE","TX",2039,0.00486811302767559
"STC","TXE","TX",2040,0.0056212233512796
"STC","TXE","TX",2041,0.0053710607903815
"STC","TXE","TX",2042,0.00594411695871681
"STC","TXE","TX",2048,0.0124003174822112
"STC","TXE","TX",2049,0.0104548194265573
"STC","TXE","TX",2050,0.0214835886942189
"STC","ELECNERA","TX",2025,0.00995087119206511
"STC","ELECNERA","TX",2026,0.0114484503122793
"STC","ELECNERA","TX",2027,0.0145300337450712
"STC","ELECNERA","TX",2028,0.0137808630042622
"STC","ELECNERA","TX",2029,0.01487523954252
"STC","ELECNERA","TX",2030,0.0170403893892642
"STC","ELECNERA","TX",2031,0.017531548985673
"STC","ELECNERA","TX",2032,0.0160480962623855
"STC","ELECNERA","TX",2033,0.0186036887203097
"STC","ELECNERA","TX",2034,0.0198468920011658
"STC","ELECNERA","TX",2035,0.0208940404758955
"STC","ELECNERA","TX",2036,0.0186190346034066
"STC","ELECNERA","TX",2037,0.0171420206738547
"STC","ELECNERA","TX",2038,0.0220686611841935
"STC","ELECNERA","TX",2039,0.0228994591968018
"STC","ELECNERA","TX",2040,0.0223065820340512
"STC","ELECNERA","TX",2041,0.0235027108872514
"STC","ELECNERA","TX",2042,0.0249311174281044
"STC","ELECNERA","TX",2043,0.0293329258600093
"STC","ELECNERA","TX",2044,0.030627590010727
"STC","ELECNERA","TX",2045,0.0307942496411675
"STC","ELECNERA","TX",2046,0.0318467300189644
"STC","ELECNERA","TX",2047,0.0303639449457578
"STC","ELECNERA","TX",2048,0.0242457844402803
"STC","ELECNERA","TX",2049,0.0269494344938086
"STC","ELECNERA","TX",2050,0.0133064771331818
"STC","BAT","ELC001",2019,0.0210682836437063
"STC","BAT","ELC001",2020,0.0172460531948918
"STC","BAT","ELC001",2021,0.0163228578382475
"STC","BAT","ELC001",2022,0.0194287205219322
"STC","BAT","ELC001",2023,0.0171202890380129
"STC","BAT","ELC001",2024,0.015324814797175
"STC","BAT","ELC001",2025,0.011912939853689
"STC","BAT","ELC001",2026,0.0127661446046435
"STC","BAT","ELC001",2027,0.0119356643848654
"STC","BAT","ELC001",2028,0.0198734110419414
"STC","BAT","ELC001",2029,0.0160073018267889
"STC","BAT","ELC001",2030,0.0339733636161495
"STC","BAT","ELC001",2031,0.0362337992255759
"STC","BAT","ELC001",2032,0.0449620579337266
"STC","BAT","ELC001",2033,0.0367210707542399
"STC","BAT","ELC001",2034,0.0422438377717733
"STC","BAT","ELC001",2035,0.0346461785842148
"STC","BAT","ELC001",2036,0.0753279416970619
"STC","BAT","ELC001",2037,0.161478805780675
"STC","BAT","ELC001",2038,0.0821850860382247
"STC","BAT","ELC001",2039,0.0898400701736018
"STC","BAT","ELC001",2040,0.0907238649824239
"STC","BAT","ELC001",2041,0.132779015986792
"STC","BAT","ELC001",2042,0.141459958259483
"STC","BAT","ELC001",2043,0.0913766940489303
"STC","BAT","ELC001",2044,0.060534906807118
"STC","BAT","ELC001",2045,0.0785422717809681
"STC","BAT","ELC001",2046,0.0944979668387688
"STC","BAT","ELC001",2047,0.104232002758459
"STC","BAT","ELC001",2048,0.129837226440782
"STC","BAT","ELC001",2049,0.11490601591321
"STC","BAT","ELC001",2050,0.0919697004714176
"STC","DEMRESELC","RESELC",2019,0.0458175160458175
"STC","DEMRESELC","RESELC",2020,0.0468291920468292
"STC","DEMRESELC","RESELC",2021,0.04786996004787
"STC","DEMRESELC","RESELC",2022,0.048940956048941
"STC","DEMRESELC","RESELC",2023,0.049704980049705
"STC","DEMRESELC","RESELC",2024,0.0516542160516542
"STC","DEMRESELC","RESELC",2025,0.0536528990536529
"STC","DEMRESELC","RESELC",2026,0.0550706510550707
"STC","DEMRESELC","RESELC",2027,0.0564924850564925
"STC","DEMRESELC","RESELC",2028,0.0579184310579184
"STC","DEMRESELC","RESELC",2029,0.0593485180593485
"STC","DEMRESELC","RESELC",2030,0.0607827760607828
"STC","DEMRESELC","RESELC",2031,0.0614766300614767
"STC","DEMRESELC","RESELC",2032,0.0621787180621787
"STC","DEMRESELC","RESELC",2033,0.0628891400628891
"STC","DEMRESELC","RESELC",2034,0.063608001063608
"STC","DEMRESELC","RESELC",2035,0.0643354040643354
"STC","DEMRESELC","RESELC",2036,0.0650714560650714
"STC","DEMRESELC","RESELC",2037,0.0658162640658163
"STC","DEMRESELC","RESELC",2038,0.0665699350665699
"STC","DEMRESELC","RESELC",2039,0.0673325810673326
"STC","DEMRESELC","RESELC",2040,0.0681043120681043
"STC","DEMRESELC","RESELC",2041,0.0688852420688852
"STC","DEMRESELC","RESELC",2042,0.0696754840696754
"STC","DEMRESELC","RESELC",2043,0.0771717152548065
"STC","DEMRESELC","RESELC",2044,0.0714281970714282
"STC","DEMRESELC","RESELC",2045,0.0723812400723813
"STC","DEMRESELC","RESELC",2046,0.0733342830733343
"STC","DEMRESELC","RESELC",2047,0.0742873260742873
"STC","DEMRESELC","RESELC",2048,0.0752403690752404
"STC","DEMRESELC","RESELC",2049,0.078652853050475
"STC","DEMRESELC","RESELC",2050,0.0762016740762017
"STC","DEMCOMELC","COMELC",2019,0.0714902240714902
"STC","DEMCOMELC","COMELC",2020,0.0480487120480487
"STC","DEMCOMELC","COMELC",2021,0.0511555270511555
"STC","DEMCOMELC","COMELC",2022,0.074398927074399
"STC","DEMCOMELC","COMELC",2023,0.0762800840762801
"STC","DEMCOMELC","COMELC",2024,0.0791184380791185
"STC","DEMCOMELC","COMELC",2025,0.0819612210819612
"STC","DEMCOMELC","COMELC",2026,0.0847447790847448
"STC","DEMCOMELC","COMELC",2027,0.0875283360875283
"STC","DEMCOMELC","COMELC",2028,0.0903118940903119
"STC","DEMCOMELC","COMELC",2029,0.0930954520930955
"STC","DEMCOMELC","COMELC",2030,0.095879010095879
"STC","DEMCOMELC","COMELC",2031,0.0963680920963681
"STC","DEMCOMELC","COMELC",2032,0.0968620640968621
"STC","DEMCOMELC","COMELC",2033,0.097360976097361
"STC","DEMCOMELC","COMELC",2034,0.0978648780978649
"STC","DEMCOMELC","COMELC",2035,0.0983738180983738
"STC","DEMCOMELC","COMELC",2036,0.0988878470988878
"STC","DEMCOMELC","COMELC",2037,0.0994070170994071
"STC","DEMCOMELC","COMELC",2038,0.0999313790999314
"STC","DEMCOMELC","COMELC",2039,0.100460984100461
"STC","DEMCOMELC","COMELC",2040,0.100995886100996
"STC","DEMCOMELC","COMELC",2041,0.101536136101536
"STC","DEMCOMELC","COMELC",2042,0.102081789102082
"STC","DEMCOMELC","COMELC",2043,0.102632898102633
"STC","DEMCOMELC","COMELC",2044,0.104020814104021
"STC","DEMCOMELC","COMELC",2045,0.105408729105409
"STC","DEMCOMELC","COMELC",2046,0.106796645106797
"STC","DEMCOMELC","COMELC",2047,0.108184560108185
"STC","DEMCOMELC","COMELC",2048,0.109572476109572
"STC","DEMCOMELC","COMELC",2049,0.11096039111096
"STC","DEMCOMELC","COMELC",2050,0.110968654110969
"STC","PWRDIST","ELC002",2019,0.117307740117308
"STC","PWRDIST","ELC002",2020,0.094877904094878
"STC","PWRDIST","ELC002",2021,0.0990254870990255
"STC","PWRDIST","ELC002",2022,0.12333988312334
"STC","PWRDIST","ELC002",2023,0.125985064125985
"STC","PWRDIST","ELC002",2024,0.130772654130773
"STC","PWRDIST","ELC002",2025,0.135614120135614
"STC","PWRDIST","ELC002",2026,0.139815430139815
"STC","PWRDIST","ELC002",2027,0.144020821144021
"STC","PWRDIST","ELC002",2028,0.14823032514823
"STC","PWRDIST","ELC002",2029,0.152443970152444
"STC","PWRDIST","ELC002",2030,0.156661786156662
"STC","PWRDIST","ELC002",2031,0.157844722157845
"STC","PWRDIST","ELC002",2032,0.159040782159041
"STC","PWRDIST","ELC002",2033,0.16025011616025
"STC","PWRDIST","ELC002",2034,0.161472879161473
"STC","PWRDIST","ELC002",2035,0.162709222162709
"STC","PWRDIST","ELC002",2036,0.166962056790369
"STC","PWRDIST","ELC002",2037,0.167941415127803
"STC","PWRDIST","ELC002",2038,0.166501314166501
"STC","PWRDIST","ELC002",2039,0.167793565167794
"STC","PWRDIST","ELC002",2040,0.1691001981691
"STC","PWRDIST","ELC002",2041,0.170421378170421
"STC","PWRDIST","ELC002",2042,0.173952886068446
"STC","PWRDIST","ELC002",2043,0.179804613357439
"STC","PWRDIST","ELC002",2044,0.187525180813949
"STC","PWRDIST","ELC002",2045,0.211386802307254
"STC","PWRDIST","ELC002",2046,0.209210881435926
"STC","PWRDIST","ELC002",2047,0.193464402791912
"STC","PWRDIST","ELC002",2048,0.214994912033778
"STC","PWRDIST","ELC002",2049,0.189613244161436
"STC","PWRDIST","ELC002",2050,0.208534834667003
"STC","PWRSOLDIST","ELC001",2019,0.00187608200000004
"STC","PWRSOLDIST","ELC001",2020,0.00185597399111181
"STC","PWRSOLDIST","ELC001",2021,0.0023238399999998
"STC","PWRSOLDIST","ELC001",2022,0.0104917613282008
"STC","PWRSOLDIST","ELC001",2023,0.010300347209135
"STC","PWRSOLDIST","ELC001",2024,0.00482215709454066
"STC","PWRSOLDIST","ELC001",2025,0.00461813220461976
"STC","PWRSOLDIST","ELC001",2026,0.0077876650134496
"STC","PWRSOLDIST","ELC001",2027,0.00744049947012053
"STC","PWRSOLDIST","ELC001",2028,0.00849104684826386
"STC","PWRSOLDIST","ELC001",2029,0.00991564081225178
"STC","PWRSOLDIST","ELC001",2030,0.0104917613282008
"STC","PWRSOLDIST","ELC001",2031,0.0104917613282008
"STC","PWRSOLDIST","ELC001",2032,0.0104917613282008
"STC","PWRSOLDIST","ELC001",2033,0.0104917613282008
"STC","PWRSOLDIST","ELC001",2034,0.0104917613282008
"STC","PWRSOLDIST","ELC001",2035,0.0104917613282008
"STC","PWRSOLDIST","ELC001",2036,0.0104917613282008
"STC","PWRSOLDIST","ELC001",2037,0.0104917613282008
"STC","PWRSOLDIST","ELC001",2038,0.0104917613282008
"STC","PWRSOLDIST","ELC001",2039,0.0104917613282008
"STC","PWRSOLDIST","ELC001",2040,0.0104917613282008
"STC","PWRSOLDIST","ELC001",2041,0.0104917613282008
"STC","PWRSOLDIST","ELC001",2042,0.0104917613282008
"STC","PWRSOLDIST","ELC001",2043,0.0104917613282008
"STC","PWRSOLDIST","ELC001",2044,0.0104917613282008
"STC","PWRSOLDIST","ELC001",2045,0.0104917613282008
"STC","PWRSOLDIST","ELC001",2046,0.0104917613282008
"STC","PWRSOLDIST","ELC001",2047,0.0104917613282008
"STC","PWRSOLDIST","ELC001",2048,0.0104917613282008
"STC","PWRSOLDIST","ELC001",2049,0.009
"STC","PWRSOLDIST","ELC001",2050,0.009
"STC","PWRSOLDIST","DELC",2019,0.00187608200000004
"STC","PWRSOLDIST","DELC",2020,0.00185597399111181
"STC","PWRSOLDIST","DELC",2021,0.0023238399999998
"STC","PWRSOLDIST","DELC",2022,0.0104917613282008
"STC","PWRSOLDIST","DELC",2023,0.010300347209135
"STC","PWRSOLDIST","DELC",2024,0.00482215709454066
"STC","PWRSOLDIST","DELC",2025,0.00461813220461976
"STC","PWRSOLDIST","DELC",2026,0.0077876650134496
"STC","PWRSOLDIST","DELC",2027,0.00744049947012053
"STC","PWRSOLDIST","DELC",2028,0.00849104684826386
"STC","PWRSOLDIST","DELC",2029,0.00991564081225178
"STC","PWRSOLDIST","DELC",2030,0.0104917613282008
"STC","PWRSOLDIST","DELC",2031,0.0104917613282008
"STC","PWRSOLDIST","DELC",2032,0.0104917613282008
"STC","PWRSOLDIST","DELC",2033,0.0104917613282008
"STC","PWRSOLDIST","DELC",2034,0.0104917613282008
"STC","PWRSOLDIST","DELC",2035,0.0104917613282008
"STC","PWRSOLDIST","DELC",2036,0.0104917613282008
"STC","PWRSOLDIST","DELC",2037,0.0104917613282008
"STC","PWRSOLDIST","DELC",2038,0.0104917613282008
"STC","PWRSOLDIST","DELC",2039,0.0104917613282008
"STC","PWRSOLDIST","DELC",2040,0.0104917613282008
"STC","PWRSOLDIST","DELC",2041,0.0104917613282008
"STC","PWRSOLDIST","DELC",2042,0.0104917613282008
"STC","PWRSOLDIST","DELC",2043,0.0104917613282008
"STC","PWRSOLDIST","DELC",2044,0.0104917613282008
"STC","PWRSOLDIST","DELC",2045,0.0104917613282008
"STC","PWRSOLDIST","DELC",2046,0.0104917613282008
"STC","PWRSOLDIST","DELC",2047,0.0104917613282008
"STC","PWRSOLDIST","DELC",2048,0.0104917613282008
"STC","PWRSOLDIST","DELC",2049,0.009
"STC","PWRSOLDIST","DELC",2050,0.009
"IS","MINSOL","SOL",2019,0.0102484915513026
"IS","MINSOL","SOL",2020,0.00759091983684698
"IS","MINSOL","SOL",2021,0.0101163436754047
"IS","MINSOL","SOL",2022,0.0075892034274013
"IS","MINSOL","SOL",2023,0.00922635829428812
"IS","MINSOL","SOL",2024,0.0197630910336918
"IS","MINSOL","SOL",2025,0.0100070492533288
"IS","MINSOL","SOL",2026,0.0106209566049775
"IS","MINSOL","SOL",2027,0.0143825005245465
"IS","MINSOL","SOL",2028,0.0121690127028464
"IS","MINSOL","SOL",2029,0.0145991012606342
"IS","MINSOL","SOL",2030,0.0186805052115585
"IS","MINSOL","SOL",2031,0.0211662867621051
"IS","MINSOL","SOL",2032,0.0196470683449724
"IS","MINSOL","SOL",2033,0.0195171472139598
"IS","MINSOL","SOL",2034,0.0352320697284924
"IS","MINSOL","SOL",2035,0.0368087363232361
"IS","MINSOL","SOL",2036,0.0445972513311672
"IS","MINSOL","SOL",2037,0.0452536860878726
"IS","MINSOL","SOL",2038,0.0439028228328603
"IS","MINSOL","SOL",2039,0.034405065116594
"IS","MINSOL","SOL",2040,0.0329070166843152
"IS","MINSOL","SOL",2041,0.0334314992821713
"IS","MINSOL","SOL",2042,0.0373818116920917
"IS","MINSOL","SOL",2043,0.0297164146012451
"IS","MINSOL","SOL",2044,0.0397804219543589
"IS","MINSOL","SOL",2045,0.0360102010165531
"IS","MINSOL","SOL",2046,0.0268684829363116
"IS","MINSOL","SOL",2047,0.0347668802941719
"IS","MINSOL","SOL",2048,0.0298304530127538
"IS","MINSOL","SOL",2049,0.0340991328869233
"IS","MINSOL","SOL",2050,0.0266791705049943
"IS","IMPDSL","DSL",2019,0.0440224125
"IS","IMPDSL","DSL",2020,0.0277863465
"IS","IMPDSL","DSL",2021,0.0297
"IS","IMPDSL","DSL",2022,0.0489908265
"IS","IMPDSL","DSL",2023,0.0481562532000001
"IS","IMPDSL","DSL",2024,0.0495
"IS","IMPDSL","DSL",2025,0.0495
"IS","IMPDSL","DSL",2026,0.0495
"IS","IMPDSL","DSL",2027,0.0495
"IS","IMPDSL","DSL",2028,0.0495
"IS","IMPDSL","DSL",2029,0.0495000000000001
"IS","IMPDSL","DSL",2030,0.0495
"IS","IMPDSL","DSL",2031,0.0495
"IS","IMPDSL","DSL",2032,0.0495
"IS","IMPDSL","DSL",2033,0.0495
"IS","MINWAVE","WAVE",2030,0.0002
"IS","MINWAVE","WAVE",2031,0.0002
"IS","MINWAVE","WAVE",2032,0.0002
"IS","MINWAVE","WAVE",2033,0.0002
"IS","MINWAVE","WAVE",2034,0.00311137613497408
"IS","MINWAVE","WAVE",2035,0.00333295313497408
"IS","MINWAVE","WAVE",2036,0.00404472802296905
"IS","MINWAVE","WAVE",2037,0.00417817006202566
"IS","MINWAVE","WAVE",2038,0.00440470983646903
"IS","MINWAVE","WAVE",2039,0.00496948245902343
"IS","MINWAVE","WAVE",2040,0.00507313854314045
"IS","MINWAVE","WAVE",2041,0.00526950766023716
"IS","MINWAVE","WAVE",2042,0.00533761127625811
"IS","MINWAVE","WAVE",2043,0.00516375151244417
"IS","MINWAVE","WAVE",2044,0.00628052109118874
"IS","MINWAVE","WAVE",2045,0.00808289781404401
"IS","MINWAVE","WAVE",2046,0.00820185985045953
"IS","MINWAVE","WAVE",2047,0.00803328938666528
"IS","MINWAVE","WAVE",2048,0.00832604662489504
"IS","MINWAVE","WAVE",2049,0.0123703905958525
"IS","MINWAVE","WAVE",2050,0.0110216108860534
"IS","PWRWEC","ELC001",2030,0.0002
"IS","PWRWEC","ELC001",2031,0.0002
"IS","PWRWEC","ELC001",2032,0.0002
"IS","PWRWEC","ELC001",2033,0.0002
"IS","PWRWEC","ELC001",2034,0.00311137613497408
"IS","PWRWEC","ELC001",2035,0.00333295313497408
"IS","PWRWEC","ELC001",2036,0.00355305213497408
"IS","PWRWEC","ELC001",2037,0.00377537413497408
"IS","PWRWEC","ELC001",2038,0.00399496313497408
"IS","PWRWEC","ELC001",2039,0.00421794013497408
"IS","PWRWEC","ELC001",2040,0.00500000000000001
"IS","PWRWEC","ELC001",2041,0.005
"IS","PWRWEC","ELC001",2042,0.005
"IS","PWRWEC","ELC001",2043,0.00513337613497408
"IS","PWRWEC","ELC001",2044,0.00556578313497409
"IS","PWRWEC","ELC001",2045,0.00750000000000001
"IS","PWRWEC","ELC001",2046,0.00750000000000001
"IS","PWRWEC","ELC001",2047,0.00750000000000001
"IS","PWRWEC","ELC001",2048,0.00750000000000001
"IS","PWRWEC","ELC001",2049,0.0098418603149395
"IS","PWRWEC","ELC001",2050,0.0101420473149395
"IS","PWRWEC","DELC",2030,0.0002
"IS","PWRWEC","DELC",2031,0.0002
"IS","PWRWEC","DELC",2032,0.0002
"IS","PWRWEC","DELC",2033,0.0002
"IS","PWRWEC","DELC",2034,0.00311137613497408
"IS","PWRWEC","DELC",2035,0.00333295313497408
"IS","PWRWEC","DELC",2036,0.00355305213497408
"IS","PWRWEC","DELC",2037,0.00377537413497408
"IS","PWRWEC","DELC",2038,0.00399496313497408
"IS","PWRWEC","DELC",2039,0.00421794013497408
"IS","PWRWEC","DELC",2040,0.00500000000000001
"IS","PWRWEC","DELC",2041,0.005
"IS","PWRWEC","DELC",2042,0.005
"IS","PWRWEC","DELC",2043,0.00513337613497408
"IS","PWRWEC","DELC",2044,0.00556578313497409
"IS","PWRWEC","DELC",2045,0.00750000000000001
"IS","PWRWEC","DELC",2046,0.00750000000000001
"IS","PWRWEC","DELC",2047,0.00750000000000001
"IS","PWRWEC","DELC",2048,0.00750000000000001
"IS","PWRWEC","DELC",2049,0.0098418603149395
"IS","PWRWEC","DELC",2050,0.0101420473149395
"IS","PWRDIE","ELC001",2019,0.013340125
"IS","PWRDIE","ELC001",2020,0.008420105
"IS","PWRDIE","ELC001",2021,0.009
"IS","PWRDIE","ELC001",2022,0.014845705
"IS","PWRDIE","ELC001",2023,0.014592804
"IS","PWRDIE","ELC001",2024,0.015
"IS","PWRDIE","ELC001",2025,0.015
"IS","PWRDIE","ELC001",2026,0.015
"IS","PWRDIE","ELC001",2027,0.015
"IS","PWRDIE","ELC001",2028,0.015
"IS","PWRDIE","ELC001",2029,0.015
"IS","PWRDIE","ELC001",2030,0.015
"IS","PWRDIE","ELC001",2031,0.015
"IS","PWRDIE","ELC001",2032,0.015
"IS","PWRDIE","ELC001",2033,0.015
"IS","PWRDIE","DELC",2019,0.013340125
"IS","PWRDIE","DELC",2020,0.008420105
"IS","PWRDIE","DELC",2021,0.009
"IS","PWRDIE","DELC",2022,0.014845705
"IS","PWRDIE","DELC",2023,0.014592804
"IS","PWRDIE","DELC",2024,0.015
"IS","PWRDIE","DELC",2025,0.015
"IS","PWRDIE","DELC",2026,0.015
"IS","PWRDIE","DELC",2027,0.015
"IS","PWRDIE","DELC",2028,0.015
"IS","PWRDIE","DELC",2029,0.015
"IS","PWRDIE","DELC",2030,0.015
"IS","PWRDIE","DELC",2031,0.015
"IS","PWRDIE","DELC",2032,0.015
"IS","PWRDIE","DELC",2033,0.015
"IS","PWRSOL","ELC001",2019,0.00556274
"IS","PWRSOL","ELC001",2020,0.00507779
"IS","PWRSOL","ELC001",2021,0.00537291
"IS","PWRSOL","ELC001",2022,0.00525896
"IS","PWRSOL","ELC001",2023,0.006119019
"IS","PWRSOL","ELC001",2024,0.006730921
"IS","PWRSOL","ELC001",2025,0.00794719752040009
"IS","PWRSOL","ELC001",2026,0.00878200335490717
"IS","PWRSOL","ELC001",2027,0.00958795999391219
"IS","PWRSOL","ELC001",2028,0.0104063498392173
"IS","PWRSOL","ELC001",2029,0.0112211404564323
"IS","PWRSOL","ELC001",2030,0.0118162422859413
"IS","PWRSOL","ELC001",2031,0.0121267466652563
"IS","PWRSOL","ELC001",2032,0.0123059450211278
"IS","PWRSOL","ELC001",2033,0.0122335599795916
"IS","PWRSOL","ELC001",2034,0.0244142368650259
"IS","PWRSOL","ELC001",2035,0.0244142368650259
"IS","PWRSOL","ELC001",2036,0.0244142368650259
"IS","PWRSOL","ELC001",2037,0.0244142368650259
"IS","PWRSOL","ELC001",2038,0.0244142368650259
"IS","PWRSOL","ELC001",2039,0.0244142368650259
"IS","PWRSOL","ELC001",2040,0.0239028421928777
"IS","PWRSOL","ELC001",2041,0.024082418
"IS","PWRSOL","ELC001",2042,0.024313954
"IS","PWRSOL","ELC001",2043,0.0244142368650259
"IS","PWRSOL","ELC001",2044,0.0244142368650259
"IS","PWRSOL","ELC001",2045,0.022912427
"IS","PWRSOL","ELC001",2046,0.022944833
"IS","PWRSOL","ELC001",2047,0.02337724
"IS","PWRSOL","ELC001",2048,0.023809647
"IS","PWRSOL","ELC001",2049,0.0219001936850605
"IS","PWRSOL","ELC001",2050,0.0219001936850605
"IS","PWRSOL","DELC",2019,0.00556274
"IS","PWRSOL","DELC",2020,0.00507779
"IS","PWRSOL","DELC",2021,0.00537291
"IS","PWRSOL","DELC",2022,0.00525896
"IS","PWRSOL","DELC",2023,0.006119019
"IS","PWRSOL","DELC",2024,0.006730921
"IS","PWRSOL","DELC",2025,0.00794719752040009
"IS","PWRSOL","DELC",2026,0.00878200335490717
"IS","PWRSOL","DELC",2027,0.00958795999391219
"IS","PWRSOL","DELC",2028,0.0104063498392173
"IS","PWRSOL","DELC",2029,0.0112211404564323
"IS","PWRSOL","DELC",2030,0.0118162422859413
"IS","PWRSOL","DELC",2031,0.0121267466652563
"IS","PWRSOL","DELC",2032,0.0123059450211278
"IS","PWRSOL","DELC",2033,0.0122335599795916
"IS","PWRSOL","DELC",2034,0.0244142368650259
"IS","PWRSOL","DELC",2035,0.0244142368650259
"IS","PWRSOL","DELC",2036,0.0244142368650259
"IS","PWRSOL","DELC",2037,0.0244142368650259
"IS","PWRSOL","DELC",2038,0.0244142368650259
"IS","PWRSOL","DELC",2039,0.0244142368650259
"IS","PWRSOL","DELC",2040,0.0239028421928777
"IS","PWRSOL","DELC",2041,0.024082418
"IS","PWRSOL","DELC",2042,0.024313954
"IS","PWRSOL","DELC",2043,0.0244142368650259
"IS","PWRSOL","DELC",2044,0.0244142368650259
"IS","PWRSOL","DELC",2045,0.022912427
"IS","PWRSOL","DELC",2046,0.022944833
"IS","PWRSOL","DELC",2047,0.02337724
"IS","PWRSOL","DELC",2048,0.023809647
"IS","PWRSOL","DELC",2049,0.0219001936850605
"IS","PWRSOL","DELC",2050,0.0219001936850605
"IS","TXE","TX",2025,0.000110536851141768
"IS","TXE","TX",2026,0.000256909225880674
"IS","TXE","TX",2027,0.000215487954232754
"IS","TXE","TX",2028,0.000183600605540733
"IS","TXE","TX",2029,0.000204337488026993
"IS","TXE","TX",2030,0.000280682546437117
"IS","TXE","TX",2031,0.000322206743036985
"IS","TXE","TX",2032,0.000420864848510285
"IS","TXE","TX",2033,0.00020402774303873
"IS","TXE","TX",2034,9.3744197595334e-05
"IS","TXE","TX",2035,0.000144212081841688
"IS","TXE","TX",2036,0.000231566163580277
"IS","TXE","TX",2037,0.000279502769758771
"IS","TXE","TX",2038,0.000335083268877766
"IS","TXE","TX",2039,0.000508875660727592
"IS","TXE","TX",2040,0.00036749970419027
"IS","TXE","TX",2041,0.000529368746966351
"IS","TXE","TX",2042,0.000584426875285468
"IS","TXE","TX",2043,0.000831991946220294
"IS","TXE","TX",2044,0.000608667738398068
"IS","TXE","TX",2045,0.00059830549531288
"IS","TXE","TX",2046,0.000517554552225866
"IS","TXE","TX",2047,0.000313551659130887
"IS","TXE","TX",2048,0.000345789783551606
"IS","TXE","TX",2049,0.000241579163851122
"IS","TXE","TX",2050,0.000317368705451474
"IS","ELECNERA","TX",2025,0.000370331152705176
"IS","ELECNERA","TX",2026,0.00030366377860391
"IS","ELECNERA","TX",2027,0.000425103050891974
"IS","ELECNERA","TX",2028,0.000539760400246155
"IS","ELECNERA","TX",2029,0.000604105518440551
"IS","ELECNERA","TX",2030,0.000599995460608307
"IS","ELECNERA","TX",2031,0.000612058264437135
"IS","ELECNERA","TX",2032,0.000563919159367988
"IS","ELECNERA","TX",2033,0.000832346265252262
"IS","ELECNERA","TX",2034,0.00098923881106853
"IS","ELECNERA","TX",2035,0.000984646927189185
"IS","ELECNERA","TX",2036,0.00107734210984522
"IS","ELECNERA","TX",2037,0.00102044897244035
"IS","ELECNERA","TX",2038,0.00094043587402514
"IS","ELECNERA","TX",2039,0.0010546148124595
"IS","ELECNERA","TX",2040,0.00117925029974833
"IS","ELECNERA","TX",2041,0.00110897378788441
"IS","ELECNERA","TX",2042,0.0010051627928181
"IS","ELECNERA","TX",2043,0.00065932770682808
"IS","ELECNERA","TX",2044,0.000970100048387368
"IS","ELECNERA","TX",2045,0.00105336184079414
"IS","ELECNERA","TX",2046,0.00124232946714885
"IS","ELECNERA","TX",2047,0.00155855520489602
"IS","ELECNERA","TX",2048,0.00152684538678577
"IS","ELECNERA","TX",2049,0.00173857466167512
"IS","ELECNERA","TX",2050,0.00152604555803512
"IS","BAT","ELC001",2019,0.0032229828489186
"IS","BAT","ELC001",2020,0.00148131224397362
"IS","BAT","ELC001",2021,0.00263824987227027
"IS","BAT","ELC001",2022,0.0054257714676574
"IS","BAT","ELC001",2023,0.00482176414490563
"IS","BAT","ELC001",2024,0.00625562167272002
"IS","BAT","ELC001",2025,0.00775107040412729
"IS","BAT","ELC001",2026,0.00647035850160564
"IS","BAT","ELC001",2027,0.00821346843276276
"IS","BAT","ELC001",2028,0.00829019947063579
"IS","BAT","ELC001",2029,0.00792332051759819
"IS","BAT","ELC001",2030,0.00818402261981568
"IS","BAT","ELC001",2031,0.00791035081959392
"IS","BAT","ELC001",2032,0.00855395392915133
"IS","BAT","ELC001",2033,0.0105207757806727
"IS","BAT","ELC001",2034,0.0109646265241318
"IS","BAT","ELC001",2035,0.0109168515243415
"IS","BAT","ELC001",2036,0.0234167892196269
"IS","BAT","ELC001",2037,0.0202844158498853
"IS","BAT","ELC001",2038,0.0195675206353938
"IS","BAT","ELC001",2039,0.0262228894452397
"IS","BAT","ELC001",2040,0.0240936041333873
"IS","BAT","ELC001",2041,0.0205519772659307
"IS","BAT","ELC001",2042,0.0249272743651288
"IS","BAT","ELC001",2043,0.0376355997981868
"IS","BAT","ELC001",2044,0.0215846353087893
"IS","BAT","ELC001",2045,0.0226183523824452
"IS","BAT","ELC001",2046,0.0249601053184781
"IS","BAT","ELC001",2047,0.0237914912908339
"IS","BAT","ELC001",2048,0.0265159383110621
"IS","BAT","ELC001",2049,0.0258248391672434
"IS","BAT","ELC001",2050,0.0166515548483518
"IS","DEMRESELC","RESELC",2019,0.00675359298649281
"IS","DEMRESELC","RESELC",2020,0.00690285298619429
"IS","DEMRESELC","RESELC",2021,0.00705640598588719
"IS","DEMRESELC","RESELC",2022,0.00721442098557116
"IS","DEMRESELC","RESELC",2023,0.00732718998534562
"IS","DEMRESELC","RESELC",2024,0.00761468298477063
"IS","DEMRESELC","RESELC",2025,0.00790947598418105
"IS","DEMRESELC","RESELC",2026,0.00811843398376313
"IS","DEMRESELC","RESELC",2027,0.00832799098334402
"IS","DEMRESELC","RESELC",2028,0.00853815198292369
"IS","DEMRESELC","RESELC",2029,0.00874891998250216
"IS","DEMRESELC","RESELC",2030,0.00896030098207939
"IS","DEMRESELC","RESELC",2031,0.00906253398187494
"IS","DEMRESELC","RESELC",2032,0.00916597798166804
"IS","DEMRESELC","RESELC",2033,0.0092706499814587
"IS","DEMRESELC","RESELC",2034,0.00937656498124687
"IS","DEMRESELC","RESELC",2035,0.00948373698103253
"IS","DEMRESELC","RESELC",2036,0.00959218398081563
"IS","DEMRESELC","RESELC",2037,0.00970191898059616
"IS","DEMRESELC","RESELC",2038,0.00981295898037408
"IS","DEMRESELC","RESELC",2039,0.00992532098014936
"IS","DEMRESELC","RESELC",2040,0.010039020979922
"IS","DEMRESELC","RESELC",2041,0.0101540749796918
"IS","DEMRESELC","RESELC",2042,0.010270500979459
"IS","DEMRESELC","RESELC",2043,0.0111970407622797
"IS","DEMRESELC","RESELC",2044,0.0105287969789424
"IS","DEMRESELC","RESELC",2045,0.0106692789786614
"IS","DEMRESELC","RESELC",2046,0.0110804798545617
"IS","DEMRESELC","RESELC",2047,0.011239664467843
"IS","DEMRESELC","RESELC",2048,0.0110907259778185
"IS","DEMRESELC","RESELC",2049,0.0112312079775376
"IS","DEMRESELC","RESELC",2050,0.0112553979148595
"IS","DEMCOMELC","COMELC",2019,0.0128007589743985
"IS","DEMCOMELC","COMELC",2020,0.00726062598547875
"IS","DEMCOMELC","COMELC",2021,0.00794462398411076
"IS","DEMCOMELC","COMELC",2022,0.0133493969733012
"IS","DEMCOMELC","COMELC",2023,0.0137728119724544
"IS","DEMCOMELC","COMELC",2024,0.0143251199713498
"IS","DEMCOMELC","COMELC",2025,0.0148780899702438
"IS","DEMCOMELC","COMELC",2026,0.0154222049691556
"IS","DEMCOMELC","COMELC",2027,0.0159663199680674
"IS","DEMCOMELC","COMELC",2028,0.0165104349669791
"IS","DEMCOMELC","COMELC",2029,0.0170545499658909
"IS","DEMCOMELC","COMELC",2030,0.0175986649648027
"IS","DEMCOMELC","COMELC",2031,0.017664519964671
"IS","DEMCOMELC","COMELC",2032,0.0177310339645379
"IS","DEMCOMELC","COMELC",2033,0.0177982129644036
"IS","DEMCOMELC","COMELC",2034,0.0178660639642679
"IS","DEMCOMELC","COMELC",2035,0.0179345939641308
"IS","DEMCOMELC","COMELC",2036,0.0180038079639924
"IS","DEMCOMELC","COMELC",2037,0.0180737149638526
"IS","DEMCOMELC","COMELC",2038,0.0181443209637114
"IS","DEMCOMELC","COMELC",2039,0.0182156329635687
"IS","DEMCOMELC","COMELC",2040,0.0182876579634247
"IS","DEMCOMELC","COMELC",2041,0.0183604039632792
"IS","DEMCOMELC","COMELC",2042,0.0184338759631323
"IS","DEMCOMELC","COMELC",2043,0.0185343109174484
"IS","DEMCOMELC","COMELC",2044,0.0187583709624833
"IS","DEMCOMELC","COMELC",2045,0.0190086569619827
"IS","DEMCOMELC","COMELC",2046,0.0192589439614821
"IS","DEMCOMELC","COMELC",2047,0.019536876594807
"IS","DEMCOMELC","COMELC",2048,0.0197875182645009
"IS","DEMCOMELC","COMELC",2049,0.0200098039599804
"IS","DEMCOMELC","COMELC",2050,0.0202600909594798
"IS","PWRDIST","ELC002",2019,0.0195543519608913
"IS","PWRDIST","ELC002",2020,0.014163478971673
"IS","PWRDIST","ELC002",2021,0.015001029969998
"IS","PWRDIST","ELC002",2022,0.0205638179588724
"IS","PWRDIST","ELC002",2023,0.0211000019578
"IS","PWRDIST","ELC002",2024,0.0219398029561204
"IS","PWRDIST","ELC002",2025,0.0227875659544249
"IS","PWRDIST","ELC002",2026,0.0235406389529187
"IS","PWRDIST","ELC002",2027,0.0242943109514114
"IS","PWRDIST","ELC002",2028,0.0250485869499028
"IS","PWRDIST","ELC002",2029,0.0258034699483931
"IS","PWRDIST","ELC002",2030,0.0265589659468821
"IS","PWRDIST","ELC002",2031,0.0267270539465459
"IS","PWRDIST","ELC002",2032,0.026897011946206
"IS","PWRDIST","ELC002",2033,0.0270688629458623
"IS","PWRDIST","ELC002",2034,0.0272426289455147
"IS","PWRDIST","ELC002",2035,0.0274183309451633
"IS","PWRDIST","ELC002",2036,0.027595991944808
"IS","PWRDIST","ELC002",2037,0.0277756339444487
"IS","PWRDIST","ELC002",2038,0.0279572799440854
"IS","PWRDIST","ELC002",2039,0.0281409539437181
"IS","PWRDIST","ELC002",2040,0.0283266789433467
"IS","PWRDIST","ELC002",2041,0.028514478942971
"IS","PWRDIST","ELC002",2042,0.0287043769425912
"IS","PWRDIST","ELC002",2043,0.0297313516797281
"IS","PWRDIST","ELC002",2044,0.0295747356274394
"IS","PWRDIST","ELC002",2045,0.0326316890611809
"IS","PWRDIST","ELC002",2046,0.0303394238160438
"IS","PWRDIST","ELC002",2047,0.03077654106265
"IS","PWRDIST","ELC002",2048,0.032894030145542
"IS","PWRDIST","ELC002",2049,0.0351745971201192
"IS","PWRDIST","ELC002",2050,0.0331942152308208
"IS","PWRSOLDIST","ELC001",2019,0.000718047000000001
"IS","PWRSOLDIST","ELC001",2020,0.000718047000000001
"IS","PWRSOLDIST","ELC001",2021,0.000718047000000001
"IS","PWRSOLDIST","ELC001",2022,0.000718047000000001
"IS","PWRSOLDIST","ELC001",2023,0.000718047000000001
"IS","PWRSOLDIST","ELC001",2024,0.000613108999999994
"IS","PWRSOLDIST","ELC001",2025,0.000321236479599892
"IS","PWRSOLDIST","ELC001",2026,0.000319208645092845
"IS","PWRSOLDIST","ELC001",2027,0.000346943006087843
"IS","PWRSOLDIST","ELC001",2028,0.000365598160782681
"IS","PWRSOLDIST","ELC001",2029,0.000390773543567663
"IS","PWRSOLDIST","ELC001",2030,0.000423401714058662
"IS","PWRSOLDIST","ELC001",2031,0.000334572334743715
"IS","PWRSOLDIST","ELC001",2032,0.000375850978872313
"IS","PWRSOLDIST","ELC001",2033,0.000671677020408331
"IS","PWRSOLDIST","ELC001",2034,0.0008
"IS","PWRSOLDIST","ELC001",2035,0.0008
"IS","PWRSOLDIST","ELC001",2036,0.0008
"IS","PWRSOLDIST","ELC001",2037,0.0008
"IS","PWRSOLDIST","ELC001",2038,0.0008
"IS","PWRSOLDIST","ELC001",2039,0.0008
"IS","PWRSOLDIST","ELC001",2040,0.000750138807122173
"IS","PWRSOLDIST","ELC001",2041,0.0008
"IS","PWRSOLDIST","ELC001",2042,0.0008
"IS","PWRSOLDIST","ELC001",2043,0.0008
"IS","PWRSOLDIST","ELC001",2044,0.0008
"IS","PWRSOLDIST","ELC001",2045,0.0008
"IS","PWRSOLDIST","ELC001",2046,0.0012
"IS","PWRSOLDIST","ELC001",2047,0.0012
"IS","PWRSOLDIST","ELC001",2048,0.0012
"IS","PWRSOLDIST","ELC001",2049,0.0012
"IS","PWRSOLDIST","ELC001",2050,0.0012
"IS","PWRSOLDIST","DELC",2019,0.000718047000000001
"IS","PWRSOLDIST","DELC",2020,0.000718047000000001
"IS","PWRSOLDIST","DELC",2021,0.000718047000000001
"IS","PWRSOLDIST","DELC",2022,0.000718047000000001
"IS","PWRSOLDIST","DELC",2023,0.000718047000000001
"IS","PWRSOLDIST","DELC",2024,0.000613108999999994
"IS","PWRSOLDIST","DELC",2025,0.000321236479599892
"IS","PWRSOLDIST","DELC",2026,0.000319208645092845
"IS","PWRSOLDIST","DELC",2027,0.000346943006087843
"IS","PWRSOLDIST","DELC",2028,0.000365598160782681
"IS","PWRSOLDIST","DELC",2029,0.000390773543567663
"IS","PWRSOLDIST","DELC",2030,0.000423401714058662
"IS","PWRSOLDIST","DELC",2031,0.000334572334743715
"IS","PWRSOLDIST","DELC",2032,0.000375850978872313
"IS","PWRSOLDIST","DELC",2033,0.000671677020408331
"IS","PWRSOLDIST","DELC",2034,0.0008
"IS","PWRSOLDIST","DELC",2035,0.0008
"IS","PWRSOLDIST","DELC",2036,0.0008
"IS","PWRSOLDIST","DELC",2037,0.0008
"IS","PWRSOLDIST","DELC",2038,0.0008
"IS","PWRSOLDIST","DELC",2039,0.0008
"IS","PWRSOLDIST","DELC",2040,0.000750138807122173
"IS","PWRSOLDIST","DELC",2041,0.0008
"IS","PWRSOLDIST","DELC",2042,0.0008
"IS","PWRSOLDIST","DELC",2043,0.0008
"IS","PWRSOLDIST","DELC",2044,0.0008
"IS","PWRSOLDIST","DELC",2045,0.0008
"IS","PWRSOLDIST","DELC",2046,0.0012
"IS","PWRSOLDIST","DELC",2047,0.0012
"IS","PWRSOLDIST","DELC",2048,0.0012
"IS","PWRSOLDIST","DELC",2049,0.0012
"IS","PWRSOLDIST","DELC",2050,0.0012
"FL","MINSOL","SOL",2019,0.000201314474863002
"FL","MINSOL","SOL",2020,0.000168708179364728
"FL","MINSOL","SOL",2021,0.000124548026602436
"FL","MINSOL","SOL",2022,0.000167835558680113
"FL","MINSOL","SOL",2023,0.000185444289287298
"FL","MINSOL","SOL",2024,0.000147407026602437
"FL","MINSOL","SOL",2025,0.000169268135402946
"FL","MINSOL","SOL",2026,0.000177033721405124
"FL","MINSOL","SOL",2027,0.000211053054738457
"FL","MINSOL","SOL",2028,0.0011022164552592
"FL","MINSOL","SOL",2029,0.00112553862697399
"FL","MINSOL","SOL",2030,0.00104702921049495
"FL","MINSOL","SOL",2031,0.00106130969713298
"FL","MINSOL","SOL",2032,0.00105948821049495
"FL","MINSOL","SOL",2033,0.00104367325417599
"FL","MINSOL","SOL",2034,0.00105931344520036
"FL","MINSOL","SOL",2035,0.00101439264561199
"FL","MINSOL","SOL",2036,0.00101987670159467
"FL","MINSOL","SOL",2037,0.00102649370159468
"FL","MINSOL","SOL",2038,0.00104184046916449
"FL","MINSOL","SOL",2039,0.00104675806306759
"FL","MINSOL","SOL",2040,0.000924172390608692
"FL","MINSOL","SOL",2041,0.000936241218417649
"FL","MINSOL","SOL",2042,0.000939006873806294
"FL","MINSOL","SOL",2043,0.000953884150637406
"FL","MINSOL","SOL",2044,0.000959091329989427
"FL","MINSOL","SOL",2045,0.00086617719139804
"FL","MINSOL","SOL",2046,0.000845096963247901
"FL","MINSOL","SOL",2047,0.000914915066238081
"FL","MINSOL","SOL",2048,0.000906233798686536
"FL","MINSOL","SOL",2049,0.000938283741695153
"FL","MINSOL","SOL",2050,0.00070241035512204
"FL","IMPDSL","DSL",2019,0.00198
"FL","IMPDSL","DSL",2020,0.00140978589588443
"FL","IMPDSL","DSL",2021,0.00165
"FL","IMPDSL","DSL",2022,0.00213786159588444
"FL","IMPDSL","DSL",2023,0.00218297259588444
"FL","IMPDSL","DSL",2024,0.00231
"FL","IMPDSL","DSL",2025,0.00231
"FL","IMPDSL","DSL",2026,0.00231
"FL","IMPDSL","DSL",2027,0.00231
"FL","MINWAVE","WAVE",2030,0.0001
"FL","MINWAVE","WAVE",2031,0.0001
"FL","MINWAVE","WAVE",2032,0.0001
"FL","MINWAVE","WAVE",2033,0.00011
"FL","MINWAVE","WAVE",2034,0.00012
"FL","MINWAVE","WAVE",2035,0.00013
"FL","MINWAVE","WAVE",2036,0.00013
"FL","MINWAVE","WAVE",2037,0.00013
"FL","MINWAVE","WAVE",2038,0.00013
"FL","MINWAVE","WAVE",2039,0.000130363826205928
"FL","MINWAVE","WAVE",2040,0.000301541124867094
"FL","MINWAVE","WAVE",2041,0.000270510812016346
"FL","MINWAVE","WAVE",2042,0.000296795992679694
"FL","MINWAVE","WAVE",2043,0.000261707860534652
"FL","MINWAVE","WAVE",2044,0.000301607228584765
"FL","MINWAVE","WAVE",2045,0.000435861735719883
"FL","MINWAVE","WAVE",2046,0.000394525308034041
"FL","MINWAVE","WAVE",2047,0.00042643185660582
"FL","MINWAVE","WAVE",2048,0.000411586324126552
"FL","MINWAVE","WAVE",2049,0.000429147230975064
"FL","MINWAVE","WAVE",2050,0.000649171995373505
"FL","PWRWEC","ELC001",2030,0.0001
"FL","PWRWEC","ELC001",2031,0.0001
"FL","PWRWEC","ELC001",2032,0.0001
"FL","PWRWEC","ELC001",2033,0.00011
"FL","PWRWEC","ELC001",2034,0.00012
"FL","PWRWEC","ELC001",2035,0.00013
"FL","PWRWEC","ELC001",2036,0.00013
"FL","PWRWEC","ELC001",2037,0.00013
"FL","PWRWEC","ELC001",2038,0.00013
"FL","PWRWEC","ELC001",2039,0.00013
"FL","PWRWEC","ELC001",2040,0.00026
"FL","PWRWEC","ELC001",2041,0.00026
"FL","PWRWEC","ELC001",2042,0.00026
"FL","PWRWEC","ELC001",2043,0.00026
"FL","PWRWEC","ELC001",2044,0.00026
"FL","PWRWEC","ELC001",2045,0.00039
"FL","PWRWEC","ELC001",2046,0.000390000000000001
"FL","PWRWEC","ELC001",2047,0.00039
"FL","PWRWEC","ELC001",2048,0.00039
"FL","PWRWEC","ELC001",2049,0.00039
"FL","PWRWEC","ELC001",2050,0.0006
"FL","PWRWEC","DELC",2030,0.0001
"FL","PWRWEC","DELC",2031,0.0001
"FL","PWRWEC","DELC",2032,0.0001
"FL","PWRWEC","DELC",2033,0.00011
"FL","PWRWEC","DELC",2034,0.00012
"FL","PWRWEC","DELC",2035,0.00013
"FL","PWRWEC","DELC",2036,0.00013
"FL","PWRWEC","DELC",2037,0.00013
"FL","PWRWEC","DELC",2038,0.00013
"FL","PWRWEC","DELC",2039,0.00013
"FL","PWRWEC","DELC",2040,0.00026
"FL","PWRWEC","DELC",2041,0.00026
"FL","PWRWEC","DELC",2042,0.00026
"FL","PWRWEC","DELC",2043,0.00026
"FL","PWRWEC","DELC",2044,0.00026
"FL","PWRWEC","DELC",2045,0.00039
"FL","PWRWEC","DELC",2046,0.000390000000000001
"FL","PWRWEC","DELC",2047,0.00039
"FL","PWRWEC","DELC",2048,0.00039
"FL","PWRWEC","DELC",2049,0.00039
"FL","PWRWEC","DELC",2050,0.0006
"FL","PWRDIE","ELC001",2019,0.0006
"FL","PWRDIE","ELC001",2020,0.000427207847237707
"FL","PWRDIE","ELC001",2021,0.0005
"FL","PWRDIE","ELC001",2022,0.000647836847237709
"FL","PWRDIE","ELC001",2023,0.000661506847237709
"FL","PWRDIE","ELC001",2024,0.0007
"FL","PWRDIE","ELC001",2025,0.0007
"FL","PWRDIE","ELC001",2026,0.0007
"FL","PWRDIE","ELC001",2027,0.0007
"FL","PWRDIE","DELC",2019,0.0006
"FL","PWRDIE","DELC",2020,0.000427207847237707
"FL","PWRDIE","DELC",2021,0.0005
"FL","PWRDIE","DELC",2022,0.000647836847237709
"FL","PWRDIE","DELC",2023,0.000661506847237709
"FL","PWRDIE","DELC",2024,0.0007
"FL","PWRDIE","DELC",2025,0.0007
"FL","PWRDIE","DELC",2026,0.0007
"FL","PWRDIE","DELC",2027,0.0007
"FL","PWRSOL","ELC001",2019,0.000109531
"FL","PWRSOL","ELC001",2020,9.6112e-05
"FL","PWRSOL","ELC001",2021,5.6648e-05
"FL","PWRSOL","ELC001",2022,8.2829e-05
"FL","PWRSOL","ELC001",2023,9.1112e-05
"FL","PWRSOL","ELC001",2024,9.29952570545463e-05
"FL","PWRSOL","ELC001",2025,0.000124749342048426
"FL","PWRSOL","ELC001",2026,0.000143240342048427
"FL","PWRSOL","ELC001",2027,0.000161796342048427
"FL","PWRSOL","ELC001",2028,0.000852919847237707
"FL","PWRSOL","ELC001",2029,0.000871607847237707
"FL","PWRSOL","ELC001",2030,0.000746179847177126
"FL","PWRSOL","ELC001",2031,0.000755565664352977
"FL","PWRSOL","ELC001",2032,0.000745461986962593
"FL","PWRSOL","ELC001",2033,0.000741511697645117
"FL","PWRSOL","ELC001",2034,0.000730471933124446
"FL","PWRSOL","ELC001",2035,0.000726945933124447
"FL","PWRSOL","ELC001",2036,0.000733490933124446
"FL","PWRSOL","ELC001",2037,0.000740107933124447
"FL","PWRSOL","ELC001",2038,0.000746798933124447
"FL","PWRSOL","ELC001",2039,0.000753563933124447
"FL","PWRSOL","ELC001",2040,0.00060676302849694
"FL","PWRSOL","ELC001",2041,0.000572235019011187
"FL","PWRSOL","ELC001",2042,0.000615260241511176
"FL","PWRSOL","ELC001",2043,0.000586298019011187
"FL","PWRSOL","ELC001",2044,0.00063380680195742
"FL","PWRSOL","ELC001",2045,0.000518623602697376
"FL","PWRSOL","ELC001",2046,0.000539476102930715
"FL","PWRSOL","ELC001",2047,0.000555322680687438
"FL","PWRSOL","ELC001",2048,0.000558920463326155
"FL","PWRSOL","ELC001",2049,0.000557608030724612
"FL","PWRSOL","ELC001",2050,0.000420919999999998
"FL","PWRSOL","DELC",2019,0.000109531
"FL","PWRSOL","DELC",2020,9.6112e-05
"FL","PWRSOL","DELC",2021,5.6648e-05
"FL","PWRSOL","DELC",2022,8.2829e-05
"FL","PWRSOL","DELC",2023,9.1112e-05
"FL","PWRSOL","DELC",2024,9.29952570545463e-05
"FL","PWRSOL","DELC",2025,0.000124749342048426
"FL","PWRSOL","DELC",2026,0.000143240342048427
"FL","PWRSOL","DELC",2027,0.000161796342048427
"FL","PWRSOL","DELC",2028,0.000852919847237707
"FL","PWRSOL","DELC",2029,0.000871607847237707
"FL","PWRSOL","DELC",2030,0.000746179847177126
"FL","PWRSOL","DELC",2031,0.000755565664352977
"FL","PWRSOL","DELC",2032,0.000745461986962593
"FL","PWRSOL","DELC",2033,0.000741511697645117
"FL","PWRSOL","DELC",2034,0.000730471933124446
"FL","PWRSOL","DELC",2035,0.000726945933124447
"FL","PWRSOL","DELC",2036,0.000733490933124446
"FL","PWRSOL","DELC",2037,0.000740107933124447
"FL","PWRSOL","DELC",2038,0.000746798933124447
"FL","PWRSOL","DELC",2039,0.000753563933124447
"FL","PWRSOL","DELC",2040,0.00060676302849694
"FL","PWRSOL","DELC",2041,0.000572235019011187
"FL","PWRSOL","DELC",2042,0.000615260241511176
"FL","PWRSOL","DELC",2043,0.000586298019011187
"FL","PWRSOL","DELC",2044,0.00063380680195742
"FL","PWRSOL","DELC",2045,0.000518623602697376
"FL","PWRSOL","DELC",2046,0.000539476102930715
"FL","PWRSOL","DELC",2047,0.000555322680687438
"FL","PWRSOL","DELC",2048,0.000558920463326155
"FL","PWRSOL","DELC",2049,0.000557608030724612
"FL","PWRSOL","DELC",2050,0.000420919999999998
"FL","BAT","ELC001",2030,1.50731588693889e-05
"FL","BAT","ELC001",2031,1.51616581541287e-05
"FL","BAT","ELC001",2032,1.5238756109168e-05
"FL","BAT","ELC001",2033,1.53109575234953e-05
"FL","BAT","ELC001",2034,1.54498249808881e-05
"FL","BAT","ELC001",2035,9.59184117601435e-06
"FL","BAT","ELC001",2036,1.11954417401525e-05
"FL","BAT","ELC001",2037,1.46571409190465e-05
"FL","BAT","ELC001",2038,2.13124387978899e-05
"FL","BAT","ELC001",2039,1.48360604849436e-05
"FL","BAT","ELC001",2040,1.01449860481399e-05
"FL","BAT","ELC001",2041,1.02820011258799e-05
"FL","BAT","ELC001",2042,1.04203669043074e-05
"FL","BAT","ELC001",2043,1.46887692530089e-05
"FL","BAT","ELC001",2044,1.30049966021655e-05
"FL","BAT","ELC001",2045,1.60592919741508e-05
"FL","BAT","ELC001",2046,2.64964080623286e-05
"FL","BAT","ELC001",2047,3.20039293519658e-05
"FL","BAT","ELC001",2048,3.64168455026774e-05
"FL","BAT","ELC001",2049,2.99175977801163e-05
"FL","BAT","ELC001",2050,1.88823550184043e-05
"FL","DEMCOMELC","COMELC",2030,2.1018178018453e-05
"FL","DEMCOMELC","COMELC",2031,2.1101485721981e-05
"FL","DEMCOMELC","COMELC",2032,2.1185591670055e-05
"FL","DEMCOMELC","COMELC",2033,2.1270604714204e-05
"FL","DEMCOMELC","COMELC",2034,2.1356416002899e-05
"FL","DEMCOMELC","COMELC",2035,2.1443098103826e-05
"FL","DEMCOMELC","COMELC",2036,2.1530651016985e-05
"FL","DEMCOMELC","COMELC",2037,2.1619111026219e-05
"FL","DEMCOMELC","COMELC",2038,3.2152006652238e-05
"FL","DEMCOMELC","COMELC",2039,3.2285656731537e-05
"FL","DEMCOMELC","COMELC",2040,3.2420596558284e-05
"FL","DEMCOMELC","COMELC",2041,3.2556879871956e-05
"FL","DEMCOMELC","COMELC",2042,3.2694506672553e-05
"FL","DEMCOMELC","COMELC",2043,5.4435257313156e-05
"FL","DEMCOMELC","COMELC",2044,5.5171363739292e-05
"FL","DEMCOMELC","COMELC",2045,5.4922417840626e-05
"FL","DEMCOMELC","COMELC",2046,5.5645554562638e-05
"FL","DEMCOMELC","COMELC",2047,5.6368778810276e-05
"FL","DEMCOMELC","COMELC",2048,5.7091915532288e-05
"FL","DEMCOMELC","COMELC",2049,5.78150522543e-05
"FL","DEMCOMELC","COMELC",2050,6.8970394254605e-05
"FL","PWRDIST","ELC002",2030,2.1018178018453e-05
"FL","PWRDIST","ELC002",2031,2.1101485721981e-05
"FL","PWRDIST","ELC002",2032,2.1185591670055e-05
"FL","PWRDIST","ELC002",2033,2.1270604714204e-05
"FL","PWRDIST","ELC002",2034,2.1356416002899e-05
"FL","PWRDIST","ELC002",2035,2.1443098103826e-05
"FL","PWRDIST","ELC002",2036,2.1530651016985e-05
"FL","PWRDIST","ELC002",2037,2.1619111026219e-05
"FL","PWRDIST","ELC002",2038,3.2152006652238e-05
"FL","PWRDIST","ELC002",2039,3.2285656731537e-05
"FL","PWRDIST","ELC002",2040,3.2420596558284e-05
"FL","PWRDIST","ELC002",2041,3.2556879871956e-05
"FL","PWRDIST","ELC002",2042,3.2694506672553e-05
"FL","PWRDIST","ELC002",2043,5.4568678193577e-05
"FL","PWRDIST","ELC002",2044,5.5171363739292e-05
"FL","PWRDIST","ELC002",2045,0.000161401862468999
"FL","PWRDIST","ELC002",2046,0.000169738365683447
"FL","PWRDIST","ELC002",2047,0.000177776193976751
"FL","PWRDIST","ELC002",2048,0.000173781562825126
"FL","PWRDIST","ELC002",2049,0.000177473799831208
"FL","PWRDIST","ELC002",2050,0.000272294704420377
"FL","PWRSOLDIST","ELC001",2019,1.87590000000008e-05
"FL","PWRSOLDIST","ELC001",2020,3.57961527622931e-05
"FL","PWRSOLDIST","ELC001",2021,3.11000000000004e-05
"FL","PWRSOLDIST","ELC001",2022,3.57961527622931e-05
"FL","PWRSOLDIST","ELC001",2023,3.57961527622931e-05
"FL","PWRSOLDIST","ELC001",2024,1.7611742945455e-05
"FL","PWRSOLDIST","ELC001",2025,8.29765795157355e-06
"FL","PWRSOLDIST","ELC001",2026,8.29765795157355e-06
"FL","PWRSOLDIST","ELC001",2027,8.29765795157355e-06
"FL","PWRSOLDIST","ELC001",2028,3.57961527622931e-05
"FL","PWRSOLDIST","ELC001",2029,3.57961527622931e-05
"FL","PWRSOLDIST","ELC001",2030,7.99781528228738e-05
"FL","PWRSOLDIST","ELC001",2031,7.67873356470237e-05
"FL","PWRSOLDIST","ELC001",2032,9.31550130374068e-05
"FL","PWRSOLDIST","ELC001",2033,9.34373023548841e-05
"FL","PWRSOLDIST","ELC001",2034,0.000100880066875553
"FL","PWRSOLDIST","ELC001",2035,0.000100880066875553
"FL","PWRSOLDIST","ELC001",2036,0.000100880066875553
"FL","PWRSOLDIST","ELC001",2037,0.000100880066875553
"FL","PWRSOLDIST","ELC001",2038,0.000100880066875553
"FL","PWRSOLDIST","ELC001",2039,0.000100880066875553
"FL","PWRSOLDIST","ELC001",2040,0.000124520971503061
"FL","PWRSOLDIST","ELC001",2041,0.000165963980988814
"FL","PWRSOLDIST","ELC001",2042,0.000129931758488824
"FL","PWRSOLDIST","ELC001",2043,0.000165963980988814
"FL","PWRSOLDIST","ELC001",2044,0.00013214419804258
"FL","PWRSOLDIST","ELC001",2045,0.000131016397302624
"FL","PWRSOLDIST","ELC001",2046,0.000123851897069286
"FL","PWRSOLDIST","ELC001",2047,0.000121694319312562
"FL","PWRSOLDIST","ELC001",2048,0.000131785536673845
"FL","PWRSOLDIST","ELC001",2049,0.000146786969275389
"FL","PWRSOLDIST","ELC001",2050,9e-05
"FL","PWRSOLDIST","DELC",2019,1.87590000000008e-05
"FL","PWRSOLDIST","DELC",2020,3.57961527622931e-05
"FL","PWRSOLDIST","DELC",2021,3.11000000000004e-05
"FL","PWRSOLDIST","DELC",2022,3.57961527622931e-05
"FL","PWRSOLDIST","DELC",2023,3.57961527622931e-05
"FL","PWRSOLDIST","DELC",2024,1.7611742945455e-05
"FL","PWRSOLDIST","DELC",2025,8.29765795157355e-06
"FL","PWRSOLDIST","DELC",2026,8.29765795157355e-06
"FL","PWRSOLDIST","DELC",2027,8.29765795157355e-06
"FL","PWRSOLDIST","DELC",2028,3.57961527622931e-05
"FL","PWRSOLDIST","DELC",2029,3.57961527622931e-05
"FL","PWRSOLDIST","DELC",2030,7.99781528228738e-05
"FL","PWRSOLDIST","DELC",2031,7.67873356470237e-05
"FL","PWRSOLDIST","DELC",2032,9.31550130374068e-05
"FL","PWRSOLDIST","DELC",2033,9.34373023548841e-05
"FL","PWRSOLDIST","DELC",2034,0.000100880066875553
"FL","PWRSOLDIST","DELC",2035,0.000100880066875553
"FL","PWRSOLDIST","DELC",2036,0.000100880066875553
"FL","PWRSOLDIST","DELC",2037,0.000100880066875553
"FL","PWRSOLDIST","DELC",2038,0.000100880066875553
"FL","PWRSOLDIST","DELC",2039,0.000100880066875553
"FL","PWRSOLDIST","DELC",2040,0.000124520971503061
"FL","PWRSOLDIST","DELC",2041,0.000165963980988814
"FL","PWRSOLDIST","DELC",2042,0.000129931758488824
"FL","PWRSOLDIST","DELC",2043,0.000165963980988814
"FL","PWRSOLDIST","DELC",2044,0.00013214419804258
"FL","PWRSOLDIST","DELC",2045,0.000131016397302624
"FL","PWRSOLDIST","DELC",2046,0.000123851897069286
"FL","PWRSOLDIST","DELC",2047,0.000121694319312562
"FL","PWRSOLDIST","DELC",2048,0.000131785536673845
"FL","PWRSOLDIST","DELC",2049,0.000146786969275389
"FL","PWRSOLDIST","DELC",2050,9e-05
